id,start_timestep,last_timestep,total_time,user_id,protocol,ideal_duration,privacy_score
P_1-1-pt_0_L_3AF4NIUV,19303.0,25200.0,5898.0,P_1-1-pt_0,LTE,5898.0,1.0
P_1-1-pt_1006_B_N6HI2FY5,18151.0,25200.0,7050.0,P_1-1-pt_1006,Bluetooth,7050.0,1.0
P_1-1-pt_1037_L_KWQTD3FU,19463.0,25200.0,5738.0,P_1-1-pt_1037,LTE,5840.0,0.9825342465753425
P_1-1-pt_1039_L_HMXAXBB0,19851.0,24802.0,4952.0,P_1-1-pt_1039,LTE,6474.0,0.7649057769539698
P_1-1-pt_1108_L_5AV0ZN98,18505.0,25200.0,6696.0,P_1-1-pt_1108,LTE,6696.0,1.0
P_1-1-pt_1121_B_IBBYGV0E,19285.0,25200.0,5916.0,P_1-1-pt_1121,Bluetooth,5916.0,1.0
P_1-1-pt_1138_B_I0KK1GBR,19577.0,25123.0,5547.0,P_1-1-pt_1138,Bluetooth,5624.0,0.9863086770981507
P_1-1-pt_1167_B_EIO821GG,18943.0,25200.0,6258.0,P_1-1-pt_1167,Bluetooth,6258.0,1.0
P_1-1-pt_1173_B_I477B4BH,18820.0,25200.0,6381.0,P_1-1-pt_1173,Bluetooth,6381.0,1.0
P_1-1-pt_1226_B_CK1NH8US,19788.0,25200.0,5413.0,P_1-1-pt_1226,Bluetooth,5413.0,1.0
P_1-1-pt_1238_B_CUSGF2QP,18798.0,25200.0,6403.0,P_1-1-pt_1238,Bluetooth,6403.0,1.0
P_1-1-pt_1270_B_2L5CA7BP,18470.0,25200.0,6731.0,P_1-1-pt_1270,Bluetooth,6731.0,1.0
P_1-1-pt_1296_L_Y7NLP7UB,18847.0,25200.0,6354.0,P_1-1-pt_1296,LTE,6354.0,1.0
P_1-1-pt_1298_L_V2KFK563,18866.0,25200.0,6335.0,P_1-1-pt_1298,LTE,6335.0,1.0
P_1-1-pt_1304_B_FI8YHA45,19347.0,25200.0,5854.0,P_1-1-pt_1304,Bluetooth,5854.0,1.0
P_1-1-pt_1306_B_IGRUST10,19029.0,25200.0,6172.0,P_1-1-pt_1306,Bluetooth,6172.0,1.0
P_1-1-pt_1329_B_662J2VQB,18535.0,25200.0,6666.0,P_1-1-pt_1329,Bluetooth,6666.0,1.0
P_1-1-pt_1420_L_O1FZ6U8D,19045.0,25200.0,6156.0,P_1-1-pt_1420,LTE,6156.0,1.0
P_1-1-pt_1473_B_L8FOKDOM,19369.0,25200.0,5832.0,P_1-1-pt_1473,Bluetooth,5832.0,1.0
P_1-1-pt_1497_L_681XGJYX,19748.0,25200.0,5453.0,P_1-1-pt_1497,LTE,5453.0,1.0
P_1-1-pt_150_B_KBV72ABU,19310.0,25200.0,5891.0,P_1-1-pt_150,Bluetooth,5891.0,1.0
P_1-1-pt_1560_B_XNRQ2K7Q,18507.0,25200.0,6694.0,P_1-1-pt_1560,Bluetooth,6694.0,1.0
P_1-1-pt_1601_B_UPD8ISDG,19190.0,25200.0,6011.0,P_1-1-pt_1601,Bluetooth,6011.0,1.0
P_1-1-pt_1669_L_Y2ZTAR62,18414.0,25200.0,6787.0,P_1-1-pt_1669,LTE,7057.0,0.9617401161966841
P_1-1-pt_1700_B_6ONKZ5HE,19430.0,25200.0,5771.0,P_1-1-pt_1700,Bluetooth,5771.0,1.0
P_1-1-pt_1714_B_0S73WA7X,18687.0,25200.0,6514.0,P_1-1-pt_1714,Bluetooth,6514.0,1.0
P_1-1-pt_1723_L_DQX1SVK5,19764.0,25200.0,5437.0,P_1-1-pt_1723,LTE,5437.0,1.0
P_1-1-pt_1747_B_SZ8JYDOJ,18208.0,25031.0,6824.0,P_1-1-pt_1747,Bluetooth,6993.0,0.9758329758329758
P_1-1-pt_1798_B_PBW7VGTP,19627.0,25200.0,5574.0,P_1-1-pt_1798,Bluetooth,5574.0,1.0
P_1-1-pt_182_L_3EGNW9Z3,19060.0,25200.0,6141.0,P_1-1-pt_182,LTE,6141.0,1.0
P_1-1-pt_1966_B_QSFIOGWK,18875.0,25200.0,6326.0,P_1-1-pt_1966,Bluetooth,6326.0,1.0
P_1-1-pt_2013_L_FYE9I5HE,19118.0,24813.0,5696.0,P_1-1-pt_2013,LTE,6083.0,0.9363800756205819
P_1-1-pt_2032_L_Y85HRRYI,18740.0,25200.0,6461.0,P_1-1-pt_2032,LTE,6461.0,1.0
P_1-1-pt_2129_B_J4T9MMI9,18717.0,25200.0,6484.0,P_1-1-pt_2129,Bluetooth,6484.0,1.0
P_1-1-pt_2162_B_GLM5ADXO,18351.0,25200.0,6850.0,P_1-1-pt_2162,Bluetooth,6850.0,1.0
P_1-1-pt_2170_B_XYXY04I5,18672.0,25200.0,6529.0,P_1-1-pt_2170,Bluetooth,6529.0,1.0
P_1-1-pt_2297_B_97FCFTF5,19486.0,25200.0,5715.0,P_1-1-pt_2297,Bluetooth,5715.0,1.0
P_1-1-pt_2342_B_5UZDTAM5,18272.0,25200.0,6929.0,P_1-1-pt_2342,Bluetooth,6929.0,1.0
P_1-1-pt_2369_B_HGAE4PMD,18547.0,25200.0,6654.0,P_1-1-pt_2369,Bluetooth,6654.0,1.0
P_1-1-pt_2424_L_OLTPCUNJ,19481.0,25200.0,5720.0,P_1-1-pt_2424,LTE,5720.0,1.0
P_1-1-pt_2425_B_PNN7YTP1,18937.0,25200.0,6264.0,P_1-1-pt_2425,Bluetooth,6264.0,1.0
P_1-1-pt_2431_B_27TLC75P,18743.0,25200.0,6458.0,P_1-1-pt_2431,Bluetooth,6458.0,1.0
P_1-1-pt_2503_L_DLKFRZFH,19742.0,25200.0,5459.0,P_1-1-pt_2503,LTE,5459.0,1.0
P_1-1-pt_2529_L_KHEY8WA7,18564.0,25200.0,6637.0,P_1-1-pt_2529,LTE,6637.0,1.0
P_1-1-pt_255_B_QKAM6X2S,18079.0,25200.0,7122.0,P_1-1-pt_255,Bluetooth,7122.0,1.0
P_1-1-pt_2606_L_N0DOIQGD,18514.0,25200.0,6687.0,P_1-1-pt_2606,LTE,6687.0,1.0
P_1-1-pt_2718_L_W0DLN96B,19195.0,25200.0,6006.0,P_1-1-pt_2718,LTE,6006.0,1.0
P_1-1-pt_2770_L_S86JJVAI,18074.0,25200.0,7127.0,P_1-1-pt_2770,LTE,7127.0,1.0
P_1-1-pt_2808_L_XK7J7M5M,19783.0,25200.0,5418.0,P_1-1-pt_2808,LTE,5418.0,1.0
P_1-1-pt_2820_B_LV6U5ROF,18717.0,25200.0,6484.0,P_1-1-pt_2820,Bluetooth,6484.0,1.0
P_1-1-pt_2834_B_P0NFI412,19094.0,25200.0,6107.0,P_1-1-pt_2834,Bluetooth,6107.0,1.0
P_1-1-pt_2844_B_0W3FSSFY,18372.0,25200.0,6829.0,P_1-1-pt_2844,Bluetooth,6829.0,1.0
P_1-1-pt_2863_B_ZNFY6UG8,18772.0,25200.0,6429.0,P_1-1-pt_2863,Bluetooth,6429.0,1.0
P_1-1-pt_2880_B_7974RD1L,19303.0,25200.0,5898.0,P_1-1-pt_2880,Bluetooth,5898.0,1.0
P_1-1-pt_2920_B_LP5XV0UP,19077.0,25200.0,6124.0,P_1-1-pt_2920,Bluetooth,6124.0,1.0
P_1-1-pt_2952_B_DDABO74H,19812.0,25200.0,5389.0,P_1-1-pt_2952,Bluetooth,5567.0,0.968025866714568
P_1-1-pt_2961_L_KQQCSEC7,19115.0,25200.0,6086.0,P_1-1-pt_2961,LTE,6086.0,1.0
P_1-1-pt_297_L_2FXAQ3HB,19146.0,25200.0,6055.0,P_1-1-pt_297,LTE,6055.0,1.0
P_1-1-pt_3067_L_CBE7J65N,19288.0,25200.0,5913.0,P_1-1-pt_3067,LTE,5913.0,1.0
P_1-1-pt_3097_B_20H4Z35B,19028.0,25200.0,6173.0,P_1-1-pt_3097,Bluetooth,6173.0,1.0
P_1-1-pt_3176_B_J3PGF1M9,19489.0,25200.0,5712.0,P_1-1-pt_3176,Bluetooth,5712.0,1.0
P_1-1-pt_3207_L_HI83SIR8,19319.0,25200.0,5882.0,P_1-1-pt_3207,LTE,5882.0,1.0
P_1-1-pt_3230_L_0K32OD1X,19258.0,25200.0,5943.0,P_1-1-pt_3230,LTE,5943.0,1.0
P_1-1-pt_3275_B_JRNP20NA,18731.0,25200.0,6470.0,P_1-1-pt_3275,Bluetooth,6470.0,1.0
P_1-1-pt_3353_B_PEIZ05N6,19580.0,25200.0,5621.0,P_1-1-pt_3353,Bluetooth,5621.0,1.0
P_1-1-pt_3386_L_O210SQUR,19569.0,25200.0,5632.0,P_1-1-pt_3386,LTE,5632.0,1.0
P_1-1-pt_3409_L_QJ602NT0,19458.0,25200.0,5743.0,P_1-1-pt_3409,LTE,5743.0,1.0
P_1-1-pt_3489_B_OL4F2DVF,18706.0,25200.0,6495.0,P_1-1-pt_3489,Bluetooth,6495.0,1.0
P_1-1-pt_3512_L_GW6M6XTB,19780.0,25200.0,5421.0,P_1-1-pt_3512,LTE,5421.0,1.0
P_1-1-pt_3571_L_FLREG9MO,19289.0,25200.0,5912.0,P_1-1-pt_3571,LTE,5912.0,1.0
P_1-1-pt_3595_L_3IVMX1YU,19280.0,25200.0,5921.0,P_1-1-pt_3595,LTE,5921.0,1.0
P_1-1-pt_3624_L_AEBRJ33C,19340.0,25200.0,5861.0,P_1-1-pt_3624,LTE,5861.0,1.0
P_1-1-pt_3629_L_H5IIYF42,18123.0,25200.0,7078.0,P_1-1-pt_3629,LTE,7078.0,1.0
P_1-1-pt_3671_B_WKK3SF43,19158.0,25080.0,5923.0,P_1-1-pt_3671,Bluetooth,6243.0,0.948742591702707
P_1-1-pt_3769_B_3GJVNXER,18515.0,25200.0,6686.0,P_1-1-pt_3769,Bluetooth,6686.0,1.0
P_1-1-pt_3800_B_WDEFFMOR,19727.0,25200.0,5474.0,P_1-1-pt_3800,Bluetooth,5474.0,1.0
P_1-1-pt_3858_B_AXM47CZ4,18743.0,25200.0,6458.0,P_1-1-pt_3858,Bluetooth,6728.0,0.9598692033293698
P_1-1-pt_3916_B_Q61IHQI2,19697.0,25200.0,5504.0,P_1-1-pt_3916,Bluetooth,5504.0,1.0
P_1-1-pt_3927_B_H2PR5S1K,18522.0,25200.0,6679.0,P_1-1-pt_3927,Bluetooth,6679.0,1.0
P_1-1-pt_3931_B_NFHWELRK,19823.0,25200.0,5378.0,P_1-1-pt_3931,Bluetooth,5378.0,1.0
P_1-1-pt_394_B_J6BEOLRO,19727.0,24698.0,4972.0,P_1-1-pt_394,Bluetooth,5831.0,0.8526839307151431
P_1-1-pt_4262_L_M4C7PA0W,18959.0,25200.0,6242.0,P_1-1-pt_4262,LTE,6777.0,0.9210565146820127
P_1-1-pt_4380_B_TNUQFUZ9,19651.0,25200.0,5550.0,P_1-1-pt_4380,Bluetooth,5550.0,1.0
P_1-1-pt_4541_B_XJZISOK7,19408.0,24266.0,4859.0,P_1-1-pt_4541,Bluetooth,5793.0,0.8387709304332815
P_1-1-pt_4595_B_UATYKFJT,19577.0,25200.0,5624.0,P_1-1-pt_4595,Bluetooth,5624.0,1.0
P_1-1-pt_4645_B_A6SP1NA3,19046.0,25200.0,6155.0,P_1-1-pt_4645,Bluetooth,6155.0,1.0
P_1-1-pt_4671_L_0ANBNI7G,18353.0,25200.0,6848.0,P_1-1-pt_4671,LTE,6848.0,1.0
P_1-1-pt_4715_B_DTBYF66H,18725.0,25200.0,6476.0,P_1-1-pt_4715,Bluetooth,6476.0,1.0
P_1-1-pt_4736_L_61U01ZIY,18877.0,25200.0,6324.0,P_1-1-pt_4736,LTE,6324.0,1.0
P_1-1-pt_4785_B_ZP7QCA4R,19331.0,25200.0,5870.0,P_1-1-pt_4785,Bluetooth,5870.0,1.0
P_1-1-pt_4875_B_S5B1C0EH,18736.0,25200.0,6465.0,P_1-1-pt_4875,Bluetooth,6465.0,1.0
P_1-1-pt_4879_L_UCQTVBS5,18560.0,25200.0,6641.0,P_1-1-pt_4879,LTE,6641.0,1.0
P_1-1-pt_4901_B_4148LKVA,19765.0,25200.0,5436.0,P_1-1-pt_4901,Bluetooth,5436.0,1.0
P_1-1-pt_4919_B_MCUMV3LT,19769.0,25200.0,5432.0,P_1-1-pt_4919,Bluetooth,5432.0,1.0
P_1-1-pt_494_L_XVNY20DE,18453.0,25200.0,6748.0,P_1-1-pt_494,LTE,6748.0,1.0
P_1-1-pt_4966_B_QUWZD014,19185.0,25200.0,6016.0,P_1-1-pt_4966,Bluetooth,6016.0,1.0
P_1-1-pt_498_B_0BO5BEEQ,19755.0,25200.0,5446.0,P_1-1-pt_498,Bluetooth,5446.0,1.0
P_1-1-pt_4996_L_AF2BCJ9F,18341.0,25200.0,6860.0,P_1-1-pt_4996,LTE,6860.0,1.0
P_1-1-pt_5078_L_5RZLG8S3,18039.0,25200.0,7162.0,P_1-1-pt_5078,LTE,7162.0,1.0
P_1-1-pt_5115_B_3R8NH8F4,18686.0,25200.0,6515.0,P_1-1-pt_5115,Bluetooth,6515.0,1.0
P_1-1-pt_5139_L_UG7FWAP0,18076.0,25200.0,7125.0,P_1-1-pt_5139,LTE,7125.0,1.0
P_1-1-pt_5167_B_1ILMY06X,19274.0,25012.0,5739.0,P_1-1-pt_5167,Bluetooth,7055.0,0.8134656272147414
P_1-1-pt_5193_L_JRT0ROZ9,18908.0,25200.0,6293.0,P_1-1-pt_5193,LTE,6293.0,1.0
P_1-1-pt_5199_B_03GFIC0M,18842.0,25200.0,6359.0,P_1-1-pt_5199,Bluetooth,6359.0,1.0
P_1-1-pt_521_L_JJK3G7CF,20705.0,25200.0,4496.0,P_1-1-pt_521,LTE,6656.0,0.6754807692307693
P_1-1-pt_5241_B_FSVFFOED,18944.0,25200.0,6257.0,P_1-1-pt_5241,Bluetooth,6257.0,1.0
P_1-1-pt_5258_B_GXW4R6K4,18405.0,25200.0,6796.0,P_1-1-pt_5258,Bluetooth,6796.0,1.0
P_1-1-pt_527_L_Z2ZGZVAU,19132.0,25200.0,6069.0,P_1-1-pt_527,LTE,6069.0,1.0
P_1-1-pt_5275_L_0S4E5P5O,19771.0,25200.0,5430.0,P_1-1-pt_5275,LTE,6382.0,0.8508304606706362
P_1-1-pt_5298_L_Z8NT3LYD,19628.0,25200.0,5573.0,P_1-1-pt_5298,LTE,5573.0,1.0
P_1-1-pt_530_L_D1UCIGJD,18121.0,25200.0,7080.0,P_1-1-pt_530,LTE,7080.0,1.0
P_1-1-pt_5324_L_MZINJDB9,19370.0,25200.0,5831.0,P_1-1-pt_5324,LTE,5831.0,1.0
P_1-1-pt_5357_B_QC3EW1X2,18646.0,25200.0,6555.0,P_1-1-pt_5357,Bluetooth,6555.0,1.0
P_1-1-pt_5392_B_MGC859GC,18264.0,25200.0,6937.0,P_1-1-pt_5392,Bluetooth,6937.0,1.0
P_1-1-pt_5481_B_LUM3BEFS,19326.0,25200.0,5875.0,P_1-1-pt_5481,Bluetooth,5875.0,1.0
P_1-1-pt_560_B_XD8TWZGD,18445.0,25200.0,6756.0,P_1-1-pt_560,Bluetooth,6756.0,1.0
P_1-1-pt_5666_B_AWHRLG34,19059.0,25200.0,6142.0,P_1-1-pt_5666,Bluetooth,6142.0,1.0
P_1-1-pt_571_L_E8LW5H2D,19234.0,25200.0,5967.0,P_1-1-pt_571,LTE,5967.0,1.0
P_1-1-pt_5897_B_QK2S9N6T,18949.0,25200.0,6252.0,P_1-1-pt_5897,Bluetooth,6252.0,1.0
P_1-1-pt_5906_L_PXRKBJXM,19460.0,25200.0,5741.0,P_1-1-pt_5906,LTE,5741.0,1.0
P_1-1-pt_5913_B_H5UA7LLQ,19687.0,25200.0,5514.0,P_1-1-pt_5913,Bluetooth,5514.0,1.0
P_1-1-pt_5942_B_CQ12FLUI,19816.0,25200.0,5385.0,P_1-1-pt_5942,Bluetooth,5385.0,1.0
P_1-1-pt_5997_B_K5LK3ETB,19213.0,25200.0,5988.0,P_1-1-pt_5997,Bluetooth,5988.0,1.0
P_1-1-pt_5999_L_ARN3QIFH,19475.0,25200.0,5726.0,P_1-1-pt_5999,LTE,5726.0,1.0
P_1-1-pt_6031_L_D1OLMYHV,18408.0,25200.0,6793.0,P_1-1-pt_6031,LTE,6793.0,1.0
P_1-1-pt_6176_L_5CNQPHA4,18820.0,25200.0,6381.0,P_1-1-pt_6176,LTE,6381.0,1.0
P_1-1-pt_6273_L_ZDC8CK79,19268.0,25200.0,5933.0,P_1-1-pt_6273,LTE,5933.0,1.0
P_1-1-pt_6292_B_NDUOC6JY,19134.0,24039.0,4906.0,P_1-1-pt_6292,Bluetooth,6282.0,0.7809614772365489
P_1-1-pt_6297_L_P70JVVBY,18634.0,25200.0,6567.0,P_1-1-pt_6297,LTE,6567.0,1.0
P_1-1-pt_6309_L_EA64W5OP,18381.0,25200.0,6820.0,P_1-1-pt_6309,LTE,6820.0,1.0
P_1-1-pt_6355_B_BR2XVSVA,18141.0,25200.0,7060.0,P_1-1-pt_6355,Bluetooth,7060.0,1.0
P_1-1-pt_6358_B_ECCJDU1E,19058.0,25200.0,6143.0,P_1-1-pt_6358,Bluetooth,6143.0,1.0
P_1-1-pt_6368_B_ERIWFE2S,18676.0,25200.0,6525.0,P_1-1-pt_6368,Bluetooth,6525.0,1.0
P_1-1-pt_6381_B_TV39NF7L,19020.0,25200.0,6181.0,P_1-1-pt_6381,Bluetooth,6181.0,1.0
P_1-1-pt_6389_B_S714Y7O0,19681.0,25200.0,5520.0,P_1-1-pt_6389,Bluetooth,5520.0,1.0
P_1-1-pt_6413_L_CBNCRC45,19164.0,25200.0,6037.0,P_1-1-pt_6413,LTE,6037.0,1.0
P_1-1-pt_6453_L_VVI2FIN5,19225.0,25200.0,5976.0,P_1-1-pt_6453,LTE,5976.0,1.0
P_1-1-pt_6516_B_V7XA0V4F,18991.0,25200.0,6210.0,P_1-1-pt_6516,Bluetooth,6210.0,1.0
P_1-1-pt_6538_B_U4NKMDIG,18901.0,25200.0,6300.0,P_1-1-pt_6538,Bluetooth,6300.0,1.0
P_1-1-pt_654_B_C73NBI4L,19609.0,25200.0,5592.0,P_1-1-pt_654,Bluetooth,5592.0,1.0
P_1-1-pt_6673_B_3SKYVB1T,18433.0,25200.0,6768.0,P_1-1-pt_6673,Bluetooth,6768.0,1.0
P_1-1-pt_6743_B_EXY9V2CY,18841.0,25200.0,6360.0,P_1-1-pt_6743,Bluetooth,6360.0,1.0
P_1-1-pt_6779_L_J7E813M8,18663.0,25200.0,6538.0,P_1-1-pt_6779,LTE,6538.0,1.0
P_1-1-pt_6931_B_RKNFHWPD,18365.0,25200.0,6836.0,P_1-1-pt_6931,Bluetooth,6836.0,1.0
P_1-1-pt_6974_B_SMPGHJSF,18670.0,24786.0,6117.0,P_1-1-pt_6974,Bluetooth,6531.0,0.9366100137804317
P_1-1-pt_7040_B_WQHN4OSJ,18194.0,25200.0,7007.0,P_1-1-pt_7040,Bluetooth,7007.0,1.0
P_1-1-pt_7080_B_XNFCQIX0,19388.0,25200.0,5813.0,P_1-1-pt_7080,Bluetooth,5813.0,1.0
P_1-1-pt_7104_L_6W7RHVRS,19272.0,25200.0,5929.0,P_1-1-pt_7104,LTE,5929.0,1.0
P_1-1-pt_7123_B_QR4C3K74,18197.0,25200.0,7004.0,P_1-1-pt_7123,Bluetooth,7004.0,1.0
P_1-1-pt_7142_L_PFIZTTFC,18807.0,25200.0,6394.0,P_1-1-pt_7142,LTE,6394.0,1.0
P_1-1-pt_7208_B_TT3ZD9SA,19690.0,25200.0,5511.0,P_1-1-pt_7208,Bluetooth,5511.0,1.0
P_1-1-pt_725_B_1SPZ9QTD,19701.0,25200.0,5500.0,P_1-1-pt_725,Bluetooth,5500.0,1.0
P_1-1-pt_7277_L_0N2NQ94G,19670.0,25200.0,5531.0,P_1-1-pt_7277,LTE,5531.0,1.0
P_1-1-pt_7325_B_5DE2S9FF,19646.0,25200.0,5555.0,P_1-1-pt_7325,Bluetooth,5555.0,1.0
P_1-1-pt_7440_B_OY3QZPEK,18217.0,25200.0,6984.0,P_1-1-pt_7440,Bluetooth,6984.0,1.0
P_1-1-pt_7573_B_0RM0KDIN,19498.0,25200.0,5703.0,P_1-1-pt_7573,Bluetooth,5703.0,1.0
P_1-1-pt_761_B_TPD6GXUJ,19431.0,25200.0,5770.0,P_1-1-pt_761,Bluetooth,5770.0,1.0
P_1-1-pt_7664_L_OHJUNA1T,18549.0,25200.0,6652.0,P_1-1-pt_7664,LTE,6652.0,1.0
P_1-1-pt_7732_L_2HIB49GR,19497.0,25200.0,5704.0,P_1-1-pt_7732,LTE,5704.0,1.0
P_1-1-pt_776_B_C8BDKXRB,18419.0,25200.0,6782.0,P_1-1-pt_776,Bluetooth,6782.0,1.0
P_1-1-pt_7760_B_U9GW9S32,18720.0,25200.0,6481.0,P_1-1-pt_7760,Bluetooth,6481.0,1.0
P_1-1-pt_7763_B_Q5CWF9DD,18766.0,25200.0,6435.0,P_1-1-pt_7763,Bluetooth,6435.0,1.0
P_1-1-pt_7863_B_MVJDP82E,19241.0,25200.0,5960.0,P_1-1-pt_7863,Bluetooth,5960.0,1.0
P_1-1-pt_7915_L_N8ZV9LZ2,18194.0,25200.0,7007.0,P_1-1-pt_7915,LTE,7007.0,1.0
P_1-1-pt_7938_L_26JG60CB,19433.0,25200.0,5768.0,P_1-1-pt_7938,LTE,5768.0,1.0
P_1-1-pt_7948_L_I9JNCV9V,19638.0,25200.0,5563.0,P_1-1-pt_7948,LTE,5563.0,1.0
P_1-1-pt_7959_L_VMTETL2F,19307.0,25200.0,5894.0,P_1-1-pt_7959,LTE,5894.0,1.0
P_1-1-pt_8068_L_HRO5HVUW,18968.0,25200.0,6233.0,P_1-1-pt_8068,LTE,6233.0,1.0
P_1-1-pt_8085_L_AZERXR1S,19229.0,25200.0,5972.0,P_1-1-pt_8085,LTE,5972.0,1.0
P_1-1-pt_8137_B_PSHITZF7,19675.0,25200.0,5526.0,P_1-1-pt_8137,Bluetooth,5526.0,1.0
P_1-1-pt_8184_B_KKWVJUHJ,18695.0,25200.0,6506.0,P_1-1-pt_8184,Bluetooth,6506.0,1.0
P_1-1-pt_8247_B_AJMKAJRI,19319.0,25200.0,5882.0,P_1-1-pt_8247,Bluetooth,5882.0,1.0
P_1-1-pt_8280_B_OK9OYK0Z,19787.0,25200.0,5414.0,P_1-1-pt_8280,Bluetooth,6185.0,0.8753435731608731
P_1-1-pt_8289_L_BE21PTFS,18046.0,25200.0,7155.0,P_1-1-pt_8289,LTE,7155.0,1.0
P_1-1-pt_841_B_WWNFZHG9,18223.0,25200.0,6978.0,P_1-1-pt_841,Bluetooth,6978.0,1.0
P_1-1-pt_8545_L_WVBGFTF1,18278.0,25200.0,6923.0,P_1-1-pt_8545,LTE,6923.0,1.0
P_1-1-pt_8611_L_NHUSADV7,18963.0,24525.0,5563.0,P_1-1-pt_8611,LTE,6238.0,0.8917922411029175
P_1-1-pt_8682_L_3M9S11CF,19177.0,25200.0,6024.0,P_1-1-pt_8682,LTE,6024.0,1.0
P_1-1-pt_8692_L_7TYNG3UY,18517.0,25200.0,6684.0,P_1-1-pt_8692,LTE,6684.0,1.0
P_1-1-pt_8728_B_GFURDIJ1,19387.0,25200.0,5814.0,P_1-1-pt_8728,Bluetooth,5814.0,1.0
P_1-1-pt_8735_B_FFYUHPFC,19605.0,25200.0,5596.0,P_1-1-pt_8735,Bluetooth,5896.0,0.9491180461329715
P_1-1-pt_8739_L_C0QB0HC1,19625.0,25200.0,5576.0,P_1-1-pt_8739,LTE,5576.0,1.0
P_1-1-pt_8762_L_HTF7IEN8,18815.0,25146.0,6332.0,P_1-1-pt_8762,LTE,6386.0,0.9915440025054807
P_1-1-pt_8830_L_A8FAIODD,19828.0,25200.0,5373.0,P_1-1-pt_8830,LTE,5373.0,1.0
P_1-1-pt_8968_B_PSJSYBPJ,19082.0,25200.0,6119.0,P_1-1-pt_8968,Bluetooth,6159.0,0.9935054391946745
P_1-1-pt_8969_L_ND2VVC8C,19564.0,25200.0,5637.0,P_1-1-pt_8969,LTE,5637.0,1.0
P_1-1-pt_8982_B_9G52OGTA,18249.0,25200.0,6952.0,P_1-1-pt_8982,Bluetooth,6952.0,1.0
P_1-1-pt_977_B_Q3Z3SBT4,18622.0,25200.0,6579.0,P_1-1-pt_977,Bluetooth,6579.0,1.0
P_1-1-pt_98_B_FMINX0XM,19124.0,25200.0,6077.0,P_1-1-pt_98,Bluetooth,6077.0,1.0
P_1-1-veh_105_B_4STTHUPZ,18005.0,25200.0,7196.0,P_1-1-veh_105,Bluetooth,7196.0,1.0
P_1-1-veh_152_L_NTA532NZ,18944.0,25200.0,6257.0,P_1-1-veh_152,LTE,6257.0,1.0
P_1-1-veh_234_B_FWAOEZ9D,18402.0,25200.0,6799.0,P_1-1-veh_234,Bluetooth,6799.0,1.0
P_1-1-veh_246_B_N29LLX6Z,18803.0,25200.0,6398.0,P_1-1-veh_246,Bluetooth,6398.0,1.0
P_1-1-veh_298_B_7A5N5WS3,19571.0,25200.0,5630.0,P_1-1-veh_298,Bluetooth,5630.0,1.0
P_1-1-veh_407_L_RL7C48CI,18913.0,25200.0,6288.0,P_1-1-veh_407,LTE,6288.0,1.0
P_1-1-veh_459_B_2FP3MKQZ,18523.0,23523.0,5001.0,P_1-1-veh_459,Bluetooth,6678.0,0.7488769092542678
P_1-1-veh_5_B_8QW9IUY9,19821.0,25200.0,5380.0,P_1-1-veh_5,Bluetooth,5507.0,0.9769384419829308
P_1-1-veh_530_B_I1WS4CVK,19791.0,25200.0,5410.0,P_1-1-veh_530,Bluetooth,5410.0,1.0
P_1-1-veh_602_L_Q1DICX8M,18701.0,25200.0,6500.0,P_1-1-veh_602,LTE,6500.0,1.0
P_1-1-veh_603_L_KTHYAWFQ,19746.0,22448.0,2703.0,P_1-1-veh_603,LTE,5455.0,0.4955087076076994
P_1-1-veh_608_L_5229PJLA,19131.0,25200.0,6070.0,P_1-1-veh_608,LTE,6070.0,1.0
P_1-1-veh_610_B_FRDKU0RM,19665.0,25200.0,5536.0,P_1-1-veh_610,Bluetooth,5536.0,1.0
P_1-1-veh_65_B_D976U2S4,18468.0,25200.0,6733.0,P_1-1-veh_65,Bluetooth,6733.0,1.0
P_1-1-veh_767_B_6EB3F20M,18307.0,25200.0,6894.0,P_1-1-veh_767,Bluetooth,6894.0,1.0
P_1-1-veh_792_B_6Q1DM1QV,19592.0,25200.0,5609.0,P_1-1-veh_792,Bluetooth,5609.0,1.0
P_1-1-veh_824_L_VXOVE7GT,19071.0,25200.0,6130.0,P_1-1-veh_824,LTE,6130.0,1.0
P_1-1-veh_834_B_2XIM474L,19466.0,25200.0,5735.0,P_1-1-veh_834,Bluetooth,5735.0,1.0
P_1-1-veh_837_L_M464ERN7,19461.0,25200.0,5740.0,P_1-1-veh_837,LTE,5740.0,1.0
P_1-2_1017_L_ZNW0Y0DA,19607.0,25200.0,5594.0,P_1-2_1017,LTE,5594.0,1.0
P_1-2_1025_L_WDNG91F1,19062.0,25200.0,6139.0,P_1-2_1025,LTE,6139.0,1.0
P_1-2_104_B_JH30H9X3,18170.0,25200.0,7031.0,P_1-2_104,Bluetooth,7031.0,1.0
P_1-2_1063_B_QZCF0REA,18545.0,25200.0,6656.0,P_1-2_1063,Bluetooth,6656.0,1.0
P_1-2_1066_L_FYFNBPYT,18358.0,25200.0,6843.0,P_1-2_1066,LTE,6843.0,1.0
P_1-2_1203_B_JGRN9Z6H,19513.0,25200.0,5688.0,P_1-2_1203,Bluetooth,5688.0,1.0
P_1-2_1219_B_ER0C5WT3,19263.0,25200.0,5938.0,P_1-2_1219,Bluetooth,5938.0,1.0
P_1-2_1255_B_TMDWOZV7,18584.0,25200.0,6617.0,P_1-2_1255,Bluetooth,6617.0,1.0
P_1-2_1265_L_58A8AO13,19571.0,25200.0,5630.0,P_1-2_1265,LTE,5630.0,1.0
P_1-2_1285_L_IY71YSDI,18139.0,25200.0,7062.0,P_1-2_1285,LTE,7062.0,1.0
P_1-2_1313_B_5RTBESGI,18104.0,25200.0,7097.0,P_1-2_1313,Bluetooth,7097.0,1.0
P_1-2_1420_B_JMZ0IR1Z,18838.0,25200.0,6363.0,P_1-2_1420,Bluetooth,6363.0,1.0
P_1-2_149_B_RT6Y9CG5,19813.0,25200.0,5388.0,P_1-2_149,Bluetooth,5388.0,1.0
P_1-2_1494_L_DYOIVV0I,18702.0,25200.0,6499.0,P_1-2_1494,LTE,6499.0,1.0
P_1-2_1533_B_MVJMRTRI,18926.0,25200.0,6275.0,P_1-2_1533,Bluetooth,6275.0,1.0
P_1-2_1559_L_VZ28P9WY,18093.0,25200.0,7108.0,P_1-2_1559,LTE,7108.0,1.0
P_1-2_1596_B_D7IM0BMN,19206.0,25200.0,5995.0,P_1-2_1596,Bluetooth,5995.0,1.0
P_1-2_1600_B_G9YRWUWF,20055.0,24582.0,4528.0,P_1-2_1600,Bluetooth,6859.0,0.6601545414783496
P_1-2_1612_B_TKB92899,18166.0,25200.0,7035.0,P_1-2_1612,Bluetooth,7035.0,1.0
P_1-2_163_L_7G7CGBAR,18463.0,25200.0,6738.0,P_1-2_163,LTE,6738.0,1.0
P_1-2_1640_B_NQH3QMRU,18479.0,25200.0,6722.0,P_1-2_1640,Bluetooth,6722.0,1.0
P_1-2_1658_B_45DCVJTW,18985.0,25200.0,6216.0,P_1-2_1658,Bluetooth,6216.0,1.0
P_1-2_168_B_I5X58BTT,18705.0,25200.0,6496.0,P_1-2_168,Bluetooth,6497.0,0.9998460828074496
P_1-2_171_L_756V9NZT,19716.0,25200.0,5485.0,P_1-2_171,LTE,5485.0,1.0
P_1-2_1715_L_31BPA0UB,18592.0,25200.0,6609.0,P_1-2_1715,LTE,6609.0,1.0
P_1-2_1805_B_ZBOI1QM6,19096.0,25200.0,6105.0,P_1-2_1805,Bluetooth,6105.0,1.0
P_1-2_1948_B_LPRQ1TKW,18646.0,25200.0,6555.0,P_1-2_1948,Bluetooth,6555.0,1.0
P_1-2_1953_B_GN1KX9V4,18879.0,25200.0,6322.0,P_1-2_1953,Bluetooth,6322.0,1.0
P_1-2_1990_L_JFA5X7TW,18002.0,25200.0,7199.0,P_1-2_1990,LTE,7199.0,1.0
P_1-2_2030_L_B93HU49G,20843.0,25200.0,4358.0,P_1-2_2030,LTE,6734.0,0.6471636471636472
P_1-2_2034_B_3NER97U9,19241.0,25200.0,5960.0,P_1-2_2034,Bluetooth,5960.0,1.0
P_1-2_2061_B_XAGB5OJN,19002.0,25200.0,6199.0,P_1-2_2061,Bluetooth,6199.0,1.0
P_1-2_2180_L_88CDMPV6,18175.0,25200.0,7026.0,P_1-2_2180,LTE,7026.0,1.0
P_1-2_2183_B_FKYQDZKU,18275.0,25200.0,6926.0,P_1-2_2183,Bluetooth,6926.0,1.0
P_1-2_2215_L_2L5GYZD6,19662.0,25200.0,5539.0,P_1-2_2215,LTE,5539.0,1.0
P_1-2_2229_B_WNU74G9S,18642.0,25200.0,6559.0,P_1-2_2229,Bluetooth,6762.0,0.9699792960662525
P_1-2_2237_B_48B1R75J,18519.0,25200.0,6682.0,P_1-2_2237,Bluetooth,6682.0,1.0
P_1-2_2287_B_CRI76OA6,18151.0,25200.0,7050.0,P_1-2_2287,Bluetooth,7050.0,1.0
P_1-2_2335_B_NM2CQH7S,19080.0,25200.0,6121.0,P_1-2_2335,Bluetooth,6121.0,1.0
P_1-2_2338_L_8C4Y1BA6,19703.0,25200.0,5498.0,P_1-2_2338,LTE,5498.0,1.0
P_1-2_2345_B_43R22JHD,19806.0,25200.0,5395.0,P_1-2_2345,Bluetooth,5395.0,1.0
P_1-2_2422_L_UPTN4P5D,18836.0,25200.0,6365.0,P_1-2_2422,LTE,6365.0,1.0
P_1-2_2473_B_TOADMQWC,19385.0,25200.0,5816.0,P_1-2_2473,Bluetooth,5816.0,1.0
P_1-2_250_L_2WJIU5SC,19419.0,25200.0,5782.0,P_1-2_250,LTE,5782.0,1.0
P_1-2_2512_L_433RQXX5,18734.0,25200.0,6467.0,P_1-2_2512,LTE,6947.0,0.9309054268029365
P_1-2_2543_B_B8EB1XQV,19442.0,25200.0,5759.0,P_1-2_2543,Bluetooth,5759.0,1.0
P_1-2_2554_B_VOUJ6S9H,18861.0,25200.0,6340.0,P_1-2_2554,Bluetooth,6340.0,1.0
P_1-2_2564_B_UNJWIC0O,18266.0,25200.0,6935.0,P_1-2_2564,Bluetooth,6935.0,1.0
P_1-2_2580_B_UUC8O358,18131.0,23598.0,5468.0,P_1-2_2580,Bluetooth,7070.0,0.7734087694483734
P_1-2_2598_B_4Y4NZDBF,18728.0,25200.0,6473.0,P_1-2_2598,Bluetooth,6473.0,1.0
P_1-2_2613_B_56VZR5XV,19011.0,25200.0,6190.0,P_1-2_2613,Bluetooth,6190.0,1.0
P_1-2_263_B_HEK0VFCB,19480.0,25200.0,5721.0,P_1-2_263,Bluetooth,5721.0,1.0
P_1-2_2653_L_16L6L5V7,19284.0,25200.0,5917.0,P_1-2_2653,LTE,5917.0,1.0
P_1-2_2702_L_4KGA5UDU,19117.0,25200.0,6084.0,P_1-2_2702,LTE,6084.0,1.0
P_1-2_2715_L_3AMYIDDZ,19156.0,25200.0,6045.0,P_1-2_2715,LTE,6045.0,1.0
P_1-2_2795_L_FO7SBHBA,19531.0,25200.0,5670.0,P_1-2_2795,LTE,5670.0,1.0
P_1-2_2797_L_FT4PFTQR,19222.0,24930.0,5709.0,P_1-2_2797,LTE,6046.0,0.944260668210387
P_1-2_2875_L_2ESW1YDG,19528.0,25200.0,5673.0,P_1-2_2875,LTE,5673.0,1.0
P_1-2_303_L_TJ0XYBHU,19653.0,25058.0,5406.0,P_1-2_303,LTE,5548.0,0.9744051910598414
P_1-2_3052_L_GO3Y6RWZ,18836.0,25200.0,6365.0,P_1-2_3052,LTE,6365.0,1.0
P_1-2_3077_L_AAAVI6V6,18664.0,25200.0,6537.0,P_1-2_3077,LTE,6537.0,1.0
P_1-2_3081_L_0KTUOVVR,19610.0,25200.0,5591.0,P_1-2_3081,LTE,5591.0,1.0
P_1-2_315_B_A9XO1XTY,19048.0,25200.0,6153.0,P_1-2_315,Bluetooth,6153.0,1.0
P_1-2_3214_L_8AURR07Z,18154.0,25200.0,7047.0,P_1-2_3214,LTE,7047.0,1.0
P_1-2_3224_L_PRV6B187,19465.0,25200.0,5736.0,P_1-2_3224,LTE,5736.0,1.0
P_1-2_3280_L_AHCVQSTB,18337.0,25200.0,6864.0,P_1-2_3280,LTE,6864.0,1.0
P_1-2_3286_B_UQZ52SYQ,18623.0,25200.0,6578.0,P_1-2_3286,Bluetooth,6578.0,1.0
P_1-2_3378_L_FV4M779W,19510.0,25200.0,5691.0,P_1-2_3378,LTE,5691.0,1.0
P_1-2_3386_L_XG2PITBP,18330.0,25200.0,6871.0,P_1-2_3386,LTE,6871.0,1.0
P_1-2_3389_B_5AMS3DBP,19603.0,25200.0,5598.0,P_1-2_3389,Bluetooth,5598.0,1.0
P_1-2_3413_L_ADO8FAZU,19608.0,25200.0,5593.0,P_1-2_3413,LTE,5593.0,1.0
P_1-2_3464_B_DZ7Y6N5O,19027.0,23601.0,4575.0,P_1-2_3464,Bluetooth,6174.0,0.7410106899902819
P_1-2_3488_L_P9CO346G,18112.0,25200.0,7089.0,P_1-2_3488,LTE,7089.0,1.0
P_1-2_3575_B_425K36H8,18328.0,23335.0,5008.0,P_1-2_3575,Bluetooth,6873.0,0.7286483340608176
P_1-2_3590_B_06W03YH4,19043.0,25200.0,6158.0,P_1-2_3590,Bluetooth,6158.0,1.0
P_1-2_3608_B_Y2C73ANP,18213.0,25200.0,6988.0,P_1-2_3608,Bluetooth,6988.0,1.0
P_1-2_3692_B_KP5M7T9T,19240.0,25200.0,5961.0,P_1-2_3692,Bluetooth,5961.0,1.0
P_1-2_3693_L_BFN67OSA,18178.0,25200.0,7023.0,P_1-2_3693,LTE,7023.0,1.0
P_1-2_3702_B_PTWB317W,19522.0,25200.0,5679.0,P_1-2_3702,Bluetooth,5679.0,1.0
P_1-2_3708_L_PAWVJKR7,19057.0,25200.0,6144.0,P_1-2_3708,LTE,6144.0,1.0
P_1-2_3716_L_G7383A81,19572.0,25200.0,5629.0,P_1-2_3716,LTE,5629.0,1.0
P_1-2_3752_B_YB5QTOK0,19720.0,25200.0,5481.0,P_1-2_3752,Bluetooth,5481.0,1.0
P_1-2_3821_L_Q8TA9YPP,19206.0,23637.0,4432.0,P_1-2_3821,LTE,7142.0,0.6205544665359843
P_1-2_3835_L_NIOWV7MF,18598.0,25200.0,6603.0,P_1-2_3835,LTE,6603.0,1.0
P_1-2_3879_L_NMO7OTSK,18720.0,25200.0,6481.0,P_1-2_3879,LTE,6481.0,1.0
P_1-2_3908_L_QP1CUAC5,18737.0,24943.0,6207.0,P_1-2_3908,LTE,6464.0,0.9602413366336634
P_1-2_4019_B_NOZ9DNTE,19828.0,25200.0,5373.0,P_1-2_4019,Bluetooth,5373.0,1.0
P_1-2_4065_B_S04GNIQT,19178.0,25200.0,6023.0,P_1-2_4065,Bluetooth,6023.0,1.0
P_1-2_4098_B_DQXEPLDO,18917.0,25200.0,6284.0,P_1-2_4098,Bluetooth,6284.0,1.0
P_1-2_4206_B_UDG1TWTU,18257.0,25200.0,6944.0,P_1-2_4206,Bluetooth,6944.0,1.0
P_1-2_4208_L_7M7F5MLV,18597.0,25200.0,6604.0,P_1-2_4208,LTE,6604.0,1.0
P_1-2_4249_B_H1WVSU8D,19324.0,25200.0,5877.0,P_1-2_4249,Bluetooth,5877.0,1.0
P_1-2_4266_B_W105S0OP,19347.0,25200.0,5854.0,P_1-2_4266,Bluetooth,5854.0,1.0
P_1-2_4270_L_R4Z4AZSF,18164.0,25200.0,7037.0,P_1-2_4270,LTE,7037.0,1.0
P_1-2_4285_L_S9SPW7EH,19753.0,25200.0,5448.0,P_1-2_4285,LTE,5448.0,1.0
P_1-2_4327_B_7MUI42M9,18086.0,25200.0,7115.0,P_1-2_4327,Bluetooth,7115.0,1.0
P_1-2_4329_B_44NFHY19,19542.0,25200.0,5659.0,P_1-2_4329,Bluetooth,5659.0,1.0
P_1-2_4376_B_CM5HTXKT,18588.0,25200.0,6613.0,P_1-2_4376,Bluetooth,6613.0,1.0
P_1-2_4388_L_1LBBH9LO,18397.0,25200.0,6804.0,P_1-2_4388,LTE,6804.0,1.0
P_1-2_4454_B_GNEQ0DM4,18070.0,25200.0,7131.0,P_1-2_4454,Bluetooth,7131.0,1.0
P_1-2_4464_B_VEVIU5IM,19783.0,25200.0,5418.0,P_1-2_4464,Bluetooth,5418.0,1.0
P_1-2_4483_B_SJAKQP2O,18716.0,25200.0,6485.0,P_1-2_4483,Bluetooth,6485.0,1.0
P_1-2_4607_B_CR2Q1MY0,19091.0,25200.0,6110.0,P_1-2_4607,Bluetooth,6110.0,1.0
P_1-2_4609_B_YEFZRW6M,18126.0,25200.0,7075.0,P_1-2_4609,Bluetooth,7075.0,1.0
P_1-2_4634_L_QZAXAW7G,18125.0,25200.0,7076.0,P_1-2_4634,LTE,7076.0,1.0
P_1-2_4715_L_MOL958WR,18481.0,25200.0,6720.0,P_1-2_4715,LTE,6720.0,1.0
P_1-2_4724_L_IIISQ6FU,19358.0,25200.0,5843.0,P_1-2_4724,LTE,5843.0,1.0
P_1-2_4730_B_P72LICLO,18769.0,25200.0,6432.0,P_1-2_4730,Bluetooth,6432.0,1.0
P_1-2_4734_B_DYZVMU6W,18042.0,25200.0,7159.0,P_1-2_4734,Bluetooth,7159.0,1.0
P_1-2_4753_B_JQMHJG4I,19531.0,25200.0,5670.0,P_1-2_4753,Bluetooth,6759.0,0.8388814913448736
P_1-2_4771_L_5ZI8R6PH,19517.0,25200.0,5684.0,P_1-2_4771,LTE,5684.0,1.0
P_1-2_4791_B_3XT9H521,18573.0,25200.0,6628.0,P_1-2_4791,Bluetooth,6628.0,1.0
P_1-2_4853_L_GSQU6T99,18310.0,25200.0,6891.0,P_1-2_4853,LTE,6891.0,1.0
P_1-2_4886_B_YB9BNPR6,19280.0,24894.0,5615.0,P_1-2_4886,Bluetooth,5921.0,0.9483195406181388
P_1-2_4940_B_5UIN09PN,18737.0,25200.0,6464.0,P_1-2_4940,Bluetooth,6464.0,1.0
P_1-2_4955_L_J62EDUV1,18281.0,25200.0,6920.0,P_1-2_4955,LTE,6920.0,1.0
P_1-2_4962_L_5HHJQ0LP,19046.0,25200.0,6155.0,P_1-2_4962,LTE,6155.0,1.0
P_1-2_5020_B_2QARLTEA,19018.0,25200.0,6183.0,P_1-2_5020,Bluetooth,6183.0,1.0
P_1-2_505_L_AM4XZW14,19005.0,25200.0,6196.0,P_1-2_505,LTE,6196.0,1.0
P_1-2_5092_B_BY4UVTP8,18336.0,25200.0,6865.0,P_1-2_5092,Bluetooth,6986.0,0.9826796450042943
P_1-2_5210_L_DS0U92HL,18633.0,25200.0,6568.0,P_1-2_5210,LTE,6568.0,1.0
P_1-2_5252_L_OSMCTDUJ,18908.0,25200.0,6293.0,P_1-2_5252,LTE,6293.0,1.0
P_1-2_5288_B_MGOWMIXW,18917.0,25200.0,6284.0,P_1-2_5288,Bluetooth,6284.0,1.0
P_1-2_5369_B_4MLZC6ZQ,19327.0,25200.0,5874.0,P_1-2_5369,Bluetooth,5874.0,1.0
P_1-2_5428_B_AWP6XCDZ,19135.0,25200.0,6066.0,P_1-2_5428,Bluetooth,6066.0,1.0
P_1-2_5437_B_OX0VRNK1,19546.0,25200.0,5655.0,P_1-2_5437,Bluetooth,5655.0,1.0
P_1-2_5518_L_PKRSCB9K,18103.0,25200.0,7098.0,P_1-2_5518,LTE,7098.0,1.0
P_1-2_5543_B_RKUX8OV1,19825.0,25200.0,5376.0,P_1-2_5543,Bluetooth,5376.0,1.0
P_1-2_5640_L_C98N3A3B,18258.0,25200.0,6943.0,P_1-2_5640,LTE,6943.0,1.0
P_1-2_5641_L_7XUIF25G,18619.0,23618.0,5000.0,P_1-2_5641,LTE,6582.0,0.7596475235490733
P_1-2_568_B_8TUVEYAX,19801.0,25200.0,5400.0,P_1-2_568,Bluetooth,5400.0,1.0
P_1-2_573_B_I74X2I1F,18462.0,25200.0,6739.0,P_1-2_573,Bluetooth,6739.0,1.0
P_1-2_5745_L_L190SNKG,19366.0,25200.0,5835.0,P_1-2_5745,LTE,6087.0,0.9586002957121735
P_1-2_5752_B_N17GXCIU,18936.0,25200.0,6265.0,P_1-2_5752,Bluetooth,6265.0,1.0
P_1-2_5753_L_SY9JOC8Q,18303.0,25200.0,6898.0,P_1-2_5753,LTE,6898.0,1.0
P_1-2_5765_L_72TZKGA0,19669.0,25200.0,5532.0,P_1-2_5765,LTE,5532.0,1.0
P_1-2_5927_L_L66YKDBB,18670.0,25200.0,6531.0,P_1-2_5927,LTE,6531.0,1.0
P_1-2_593_B_RREAKG15,18339.0,25200.0,6862.0,P_1-2_593,Bluetooth,6862.0,1.0
P_1-2_5943_L_HGNAX0ZE,18201.0,25200.0,7000.0,P_1-2_5943,LTE,7000.0,1.0
P_1-2_5951_B_8R6BRK67,18716.0,24271.0,5556.0,P_1-2_5951,Bluetooth,6485.0,0.8567463377023902
P_1-2_6013_L_LRGTG8BJ,19164.0,25200.0,6037.0,P_1-2_6013,LTE,6037.0,1.0
P_1-2_609_L_CX705C0A,18037.0,25200.0,7164.0,P_1-2_609,LTE,7164.0,1.0
P_1-2_638_B_PO29EV2S,18053.0,25200.0,7148.0,P_1-2_638,Bluetooth,7148.0,1.0
P_1-2_671_L_HVHAC675,19694.0,25200.0,5507.0,P_1-2_671,LTE,5507.0,1.0
P_1-2_752_L_VQM0BL3C,18492.0,25200.0,6709.0,P_1-2_752,LTE,6709.0,1.0
P_1-2_829_B_745NG0JM,18533.0,25200.0,6668.0,P_1-2_829,Bluetooth,6668.0,1.0
P_1-2_848_L_6O6DL5CO,18688.0,25200.0,6513.0,P_1-2_848,LTE,6513.0,1.0
P_1-2_960_B_H6V884YG,19380.0,25200.0,5821.0,P_1-2_960,Bluetooth,5821.0,1.0
P_1-3_1027_L_4BI91B7Z,18922.0,25200.0,6279.0,P_1-3_1027,LTE,6279.0,1.0
P_1-3_1140_B_CXR6P4R0,19162.0,25200.0,6039.0,P_1-3_1140,Bluetooth,6039.0,1.0
P_1-3_1213_B_QFGMS6L7,19799.0,25200.0,5402.0,P_1-3_1213,Bluetooth,5402.0,1.0
P_1-3_1324_B_1WOKDICT,19534.0,25200.0,5667.0,P_1-3_1324,Bluetooth,5667.0,1.0
P_1-3_1500_B_GVABPLXK,18550.0,25200.0,6651.0,P_1-3_1500,Bluetooth,6651.0,1.0
P_1-3_1535_B_Z6JBHVPQ,19784.0,25200.0,5417.0,P_1-3_1535,Bluetooth,5417.0,1.0
P_1-3_1571_L_RRSSPYB0,19633.0,25200.0,5568.0,P_1-3_1571,LTE,5568.0,1.0
P_1-3_1604_L_25VHH3N6,18561.0,25200.0,6640.0,P_1-3_1604,LTE,6640.0,1.0
P_1-3_1676_B_2C9COO38,19452.0,25200.0,5749.0,P_1-3_1676,Bluetooth,5749.0,1.0
P_1-3_17_B_BLA54NCE,18494.0,25200.0,6707.0,P_1-3_17,Bluetooth,6707.0,1.0
P_1-3_1737_L_C8NQWDC9,18725.0,25200.0,6476.0,P_1-3_1737,LTE,6476.0,1.0
P_1-3_1785_L_RM7CBI8U,18310.0,25200.0,6891.0,P_1-3_1785,LTE,6891.0,1.0
P_1-3_1945_L_UV3HL0K3,19514.0,25200.0,5687.0,P_1-3_1945,LTE,5687.0,1.0
P_1-3_2018_B_UX18E2N6,18032.0,25200.0,7169.0,P_1-3_2018,Bluetooth,7169.0,1.0
P_1-3_2043_B_HQHZ1XT0,19448.0,25200.0,5753.0,P_1-3_2043,Bluetooth,6656.0,0.8643329326923077
P_1-3_2053_B_GNGLX3WO,18633.0,25200.0,6568.0,P_1-3_2053,Bluetooth,6568.0,1.0
P_1-3_2076_B_1T5DZADA,18982.0,25200.0,6219.0,P_1-3_2076,Bluetooth,6219.0,1.0
P_1-3_2171_B_HY0MGECL,19293.0,25200.0,5908.0,P_1-3_2171,Bluetooth,5908.0,1.0
P_1-3_2180_L_HY55XWN6,18110.0,25200.0,7091.0,P_1-3_2180,LTE,7091.0,1.0
P_1-3_2187_B_3NH8T8V5,18518.0,25200.0,6683.0,P_1-3_2187,Bluetooth,6683.0,1.0
P_1-3_2221_B_F2XKTF05,18011.0,25200.0,7190.0,P_1-3_2221,Bluetooth,7190.0,1.0
P_1-3_2278_B_H01ZW5JB,18407.0,25200.0,6794.0,P_1-3_2278,Bluetooth,6794.0,1.0
P_1-3_228_L_NVR3XCQT,18933.0,25200.0,6268.0,P_1-3_228,LTE,6268.0,1.0
P_1-3_2280_B_3T8RNE2U,19266.0,25200.0,5935.0,P_1-3_2280,Bluetooth,5935.0,1.0
P_1-3_2323_L_2GJKN24S,18311.0,25200.0,6890.0,P_1-3_2323,LTE,6890.0,1.0
P_1-3_234_B_8D4ZOIIX,19253.0,25200.0,5948.0,P_1-3_234,Bluetooth,5948.0,1.0
P_1-3_2374_B_6ODAIHWX,18002.0,25200.0,7199.0,P_1-3_2374,Bluetooth,7199.0,1.0
P_1-3_2410_L_VPN7QXXV,18004.0,25200.0,7197.0,P_1-3_2410,LTE,7197.0,1.0
P_1-3_2421_B_HJE3RK6T,19597.0,25200.0,5604.0,P_1-3_2421,Bluetooth,5604.0,1.0
P_1-3_2424_B_2YS681YI,19299.0,25200.0,5902.0,P_1-3_2424,Bluetooth,5902.0,1.0
P_1-3_2454_B_ZAZ04OV8,18057.0,25200.0,7144.0,P_1-3_2454,Bluetooth,7144.0,1.0
P_1-3_2482_B_9VTBK06A,19739.0,25200.0,5462.0,P_1-3_2482,Bluetooth,5462.0,1.0
P_1-3_2528_B_P42MUYDX,19269.0,25200.0,5932.0,P_1-3_2528,Bluetooth,5932.0,1.0
P_1-3_2599_B_M8T5KA1T,19102.0,25200.0,6099.0,P_1-3_2599,Bluetooth,6099.0,1.0
P_1-3_2633_B_253OJN2A,19701.0,25200.0,5500.0,P_1-3_2633,Bluetooth,5500.0,1.0
P_1-3_2643_B_QTY0K583,19154.0,25200.0,6047.0,P_1-3_2643,Bluetooth,6047.0,1.0
P_1-3_268_B_WU11RJS7,18061.0,25200.0,7140.0,P_1-3_268,Bluetooth,7140.0,1.0
P_1-3_2745_B_AECHSLL2,19760.0,25200.0,5441.0,P_1-3_2745,Bluetooth,5441.0,1.0
P_1-3_2773_B_NVW1WPFO,19440.0,25200.0,5761.0,P_1-3_2773,Bluetooth,5761.0,1.0
P_1-3_2786_B_XVM53HYQ,19683.0,25200.0,5518.0,P_1-3_2786,Bluetooth,5518.0,1.0
P_1-3_28_B_1PMIH0KB,19744.0,25200.0,5457.0,P_1-3_28,Bluetooth,5457.0,1.0
P_1-3_283_B_J52OIOV4,19535.0,25200.0,5666.0,P_1-3_283,Bluetooth,5666.0,1.0
P_1-3_2881_B_KAXEDOZK,18242.0,25200.0,6959.0,P_1-3_2881,Bluetooth,6959.0,1.0
P_1-3_2955_B_ECQ4MNWI,18383.0,25200.0,6818.0,P_1-3_2955,Bluetooth,6818.0,1.0
P_1-3_2985_L_KJD1BDLH,19010.0,25200.0,6191.0,P_1-3_2985,LTE,6191.0,1.0
P_1-3_3046_B_ZRALZIGA,18114.0,25200.0,7087.0,P_1-3_3046,Bluetooth,7087.0,1.0
P_1-3_3076_B_A5PYQS55,18964.0,25200.0,6237.0,P_1-3_3076,Bluetooth,6237.0,1.0
P_1-3_3132_B_FCPCJXPB,18868.0,25200.0,6333.0,P_1-3_3132,Bluetooth,6333.0,1.0
P_1-3_3135_B_EMY6VXSE,19795.0,25200.0,5406.0,P_1-3_3135,Bluetooth,5406.0,1.0
P_1-3_3245_L_XV8LO9XY,19299.0,25200.0,5902.0,P_1-3_3245,LTE,5902.0,1.0
P_1-3_3253_L_WLCLT9BN,19260.0,25200.0,5941.0,P_1-3_3253,LTE,5941.0,1.0
P_1-3_3339_L_WGX0A3MO,18622.0,25200.0,6579.0,P_1-3_3339,LTE,6579.0,1.0
P_1-3_3410_B_1609WCQ9,19620.0,25200.0,5581.0,P_1-3_3410,Bluetooth,5581.0,1.0
P_1-3_3457_B_02JNB1L2,18437.0,25200.0,6764.0,P_1-3_3457,Bluetooth,6764.0,1.0
P_1-3_3494_L_X8VCFIR6,19529.0,25200.0,5672.0,P_1-3_3494,LTE,5672.0,1.0
P_1-3_3536_B_MILXUO7L,19577.0,25200.0,5624.0,P_1-3_3536,Bluetooth,5624.0,1.0
P_1-3_3579_L_L0BOJUYY,19125.0,25200.0,6076.0,P_1-3_3579,LTE,6076.0,1.0
P_1-3_3755_L_LQ4XZV7F,19882.0,25200.0,5319.0,P_1-3_3755,LTE,5442.0,0.9773980154355016
P_1-3_3759_B_W80V3B83,18329.0,25200.0,6872.0,P_1-3_3759,Bluetooth,6872.0,1.0
P_1-3_3776_B_5QHZ84QF,19100.0,25200.0,6101.0,P_1-3_3776,Bluetooth,6101.0,1.0
P_1-3_3793_L_0KIITIE5,18916.0,25200.0,6285.0,P_1-3_3793,LTE,6285.0,1.0
P_1-3_3834_L_KR5FH1X4,18079.0,25200.0,7122.0,P_1-3_3834,LTE,7122.0,1.0
P_1-3_3901_B_T4FYDK3Q,18674.0,25200.0,6527.0,P_1-3_3901,Bluetooth,6527.0,1.0
P_1-3_4025_B_WH2NGTL3,19215.0,25200.0,5986.0,P_1-3_4025,Bluetooth,5986.0,1.0
P_1-3_403_L_91EGG0X0,19231.0,25200.0,5970.0,P_1-3_403,LTE,5970.0,1.0
P_1-3_4124_B_XW5QVEUJ,19100.0,24584.0,5485.0,P_1-3_4124,Bluetooth,6101.0,0.8990329454187838
P_1-3_4168_B_55THGOV1,18549.0,25200.0,6652.0,P_1-3_4168,Bluetooth,6652.0,1.0
P_1-3_4253_B_3VRZC8BO,19260.0,25200.0,5941.0,P_1-3_4253,Bluetooth,5941.0,1.0
P_1-3_4262_B_NPLMKMNP,18655.0,25200.0,6546.0,P_1-3_4262,Bluetooth,6546.0,1.0
P_1-3_4289_L_0Z71ZQ61,19363.0,25200.0,5838.0,P_1-3_4289,LTE,5838.0,1.0
P_1-3_4291_B_63FIOCTQ,19536.0,25200.0,5665.0,P_1-3_4291,Bluetooth,5665.0,1.0
P_1-3_4492_B_MJERZYAB,18147.0,25200.0,7054.0,P_1-3_4492,Bluetooth,7054.0,1.0
P_1-3_458_B_BE598CP0,19452.0,25200.0,5749.0,P_1-3_458,Bluetooth,5749.0,1.0
P_1-3_4587_B_3ZZ56XM5,19776.0,25200.0,5425.0,P_1-3_4587,Bluetooth,5425.0,1.0
P_1-3_4644_L_OWVR1YZZ,18695.0,25200.0,6506.0,P_1-3_4644,LTE,6750.0,0.9638518518518518
P_1-3_4663_B_GYU8XIOQ,19012.0,25200.0,6189.0,P_1-3_4663,Bluetooth,6189.0,1.0
P_1-3_4666_L_15DYA1WL,18910.0,25200.0,6291.0,P_1-3_4666,LTE,6291.0,1.0
P_1-3_4690_L_4HMAWERI,18468.0,25200.0,6733.0,P_1-3_4690,LTE,6733.0,1.0
P_1-3_4738_L_6AY89SUD,18468.0,23652.0,5185.0,P_1-3_4738,LTE,6733.0,0.770087628100401
P_1-3_4775_B_KDK024FJ,18719.0,25200.0,6482.0,P_1-3_4775,Bluetooth,6482.0,1.0
P_1-3_4822_L_LCORQ8I1,18746.0,25200.0,6455.0,P_1-3_4822,LTE,6455.0,1.0
P_1-3_4875_B_LWQ307D3,19119.0,25200.0,6082.0,P_1-3_4875,Bluetooth,6082.0,1.0
P_1-3_4881_B_OV3CC2CL,19097.0,25200.0,6104.0,P_1-3_4881,Bluetooth,6104.0,1.0
P_1-3_4944_B_6U0KBF9O,19173.0,25200.0,6028.0,P_1-3_4944,Bluetooth,6028.0,1.0
P_1-3_4954_B_AP5IXJBN,18558.0,25200.0,6643.0,P_1-3_4954,Bluetooth,6643.0,1.0
P_1-3_5020_L_MXPIAK6U,18983.0,25200.0,6218.0,P_1-3_5020,LTE,6218.0,1.0
P_1-3_5117_L_3HL8Y2BE,18492.0,25200.0,6709.0,P_1-3_5117,LTE,6709.0,1.0
P_1-3_5123_B_ZA5WHRF2,18527.0,25200.0,6674.0,P_1-3_5123,Bluetooth,6674.0,1.0
P_1-3_5144_B_EQNPEPPN,19264.0,25200.0,5937.0,P_1-3_5144,Bluetooth,5937.0,1.0
P_1-3_528_L_IP1FI1JN,18328.0,25200.0,6873.0,P_1-3_528,LTE,6873.0,1.0
P_1-3_5334_L_TKSU097N,18206.0,24877.0,6672.0,P_1-3_5334,LTE,6995.0,0.9538241601143674
P_1-3_5354_B_WPPQL076,18883.0,25200.0,6318.0,P_1-3_5354,Bluetooth,6318.0,1.0
P_1-3_5451_L_UYKMZCYR,18949.0,25200.0,6252.0,P_1-3_5451,LTE,6252.0,1.0
P_1-3_547_L_K4FCMG9X,19318.0,25200.0,5883.0,P_1-3_547,LTE,5883.0,1.0
P_1-3_5475_B_C8PQ2Z07,18443.0,25200.0,6758.0,P_1-3_5475,Bluetooth,6758.0,1.0
P_1-3_5537_L_C47Y67Q3,18298.0,25200.0,6903.0,P_1-3_5537,LTE,6903.0,1.0
P_1-3_5550_B_CNJTR0NF,19729.0,25200.0,5472.0,P_1-3_5550,Bluetooth,5472.0,1.0
P_1-3_5578_L_JMH1GYJ0,18182.0,25200.0,7019.0,P_1-3_5578,LTE,7019.0,1.0
P_1-3_635_B_P66MA0VS,18441.0,25200.0,6760.0,P_1-3_635,Bluetooth,6760.0,1.0
P_1-3_743_B_XK01KHNE,19417.0,25200.0,5784.0,P_1-3_743,Bluetooth,5835.0,0.9912596401028277
P_1-3_80_L_KEQBA16X,18783.0,25200.0,6418.0,P_1-3_80,LTE,6418.0,1.0
P_1-3_809_L_Q2SBYP2B,19176.0,25200.0,6025.0,P_1-3_809,LTE,6025.0,1.0
P_1-3_870_B_EFK4L54X,19452.0,25200.0,5749.0,P_1-3_870,Bluetooth,5749.0,1.0
P_1-3_874_B_KVPLFDRH,18948.0,25200.0,6253.0,P_1-3_874,Bluetooth,6253.0,1.0
P_1-3_990_L_P9RMMBEE,18939.0,25200.0,6262.0,P_1-3_990,LTE,6262.0,1.0
P_2-1_1248_L_6NG0XNFP,18411.0,25200.0,6790.0,P_2-1_1248,LTE,6790.0,1.0
P_2-1_1463_L_MOVV6HAZ,18978.0,25200.0,6223.0,P_2-1_1463,LTE,6223.0,1.0
P_2-1_1609_L_G900STJS,19033.0,25200.0,6168.0,P_2-1_1609,LTE,6168.0,1.0
P_2-1_1724_B_YP8XFGHB,19787.0,25200.0,5414.0,P_2-1_1724,Bluetooth,5414.0,1.0
P_2-1_1878_L_E2YTXP2M,19568.0,25200.0,5633.0,P_2-1_1878,LTE,5633.0,1.0
P_2-1_2028_B_G8H8YTXU,19271.0,25200.0,5930.0,P_2-1_2028,Bluetooth,5930.0,1.0
P_2-1_2045_L_9O4X8PV9,19244.0,25200.0,5957.0,P_2-1_2045,LTE,5957.0,1.0
P_2-1_213_B_YAY3ZCVS,18692.0,25200.0,6509.0,P_2-1_213,Bluetooth,6509.0,1.0
P_2-1_2136_B_HM4VGTKV,18886.0,25200.0,6315.0,P_2-1_2136,Bluetooth,6315.0,1.0
P_2-1_2161_B_D3UIK56C,19731.0,25200.0,5470.0,P_2-1_2161,Bluetooth,5470.0,1.0
P_2-1_2293_L_LFQ18IAN,18466.0,25200.0,6735.0,P_2-1_2293,LTE,6735.0,1.0
P_2-1_2384_B_XGS18F3W,19117.0,25200.0,6084.0,P_2-1_2384,Bluetooth,6084.0,1.0
P_2-1_2486_L_812LNQN9,19781.0,25200.0,5420.0,P_2-1_2486,LTE,5420.0,1.0
P_2-1_2911_B_E3JUQW44,19693.0,25200.0,5508.0,P_2-1_2911,Bluetooth,5508.0,1.0
P_2-1_2925_L_97JQY7Z9,18955.0,24281.0,5327.0,P_2-1_2925,LTE,6246.0,0.8528658341338456
P_2-1_2987_L_7NEYN4J4,19690.0,25200.0,5511.0,P_2-1_2987,LTE,5511.0,1.0
P_2-1_3058_B_TIYJC8VS,18975.0,25200.0,6226.0,P_2-1_3058,Bluetooth,6226.0,1.0
P_2-1_3119_B_LAEZUAPE,19631.0,25200.0,5570.0,P_2-1_3119,Bluetooth,5570.0,1.0
P_2-1_3136_B_8X85CNO4,18461.0,25200.0,6740.0,P_2-1_3136,Bluetooth,6740.0,1.0
P_2-1_3376_L_NIZESBI4,20560.0,25200.0,4641.0,P_2-1_3376,LTE,6681.0,0.6946564885496184
P_2-1_3390_L_7DQ1SAHJ,18729.0,25200.0,6472.0,P_2-1_3390,LTE,6472.0,1.0
P_2-1_3601_B_NEWQGVLP,18592.0,25200.0,6609.0,P_2-1_3601,Bluetooth,6609.0,1.0
P_2-1_3664_B_PYMOZAHA,18951.0,25200.0,6250.0,P_2-1_3664,Bluetooth,6250.0,1.0
P_2-1_3764_B_5KWLNQKS,18741.0,25200.0,6460.0,P_2-1_3764,Bluetooth,6460.0,1.0
P_2-1_3944_L_IE9046P9,19011.0,25200.0,6190.0,P_2-1_3944,LTE,6190.0,1.0
P_2-1_4127_L_0B9O1YDY,18326.0,25200.0,6875.0,P_2-1_4127,LTE,6875.0,1.0
P_2-1_4232_L_1JRVZP0C,19184.0,25200.0,6017.0,P_2-1_4232,LTE,6017.0,1.0
P_2-1_4267_L_Y21D2GSG,19819.0,25200.0,5382.0,P_2-1_4267,LTE,5382.0,1.0
P_2-1_4331_B_707M1H6R,18291.0,24936.0,6646.0,P_2-1_4331,Bluetooth,6910.0,0.961794500723589
P_2-1_4788_L_NVZKBB86,19731.0,25200.0,5470.0,P_2-1_4788,LTE,5470.0,1.0
P_2-1_4811_B_YU6NNRIK,19184.0,25200.0,6017.0,P_2-1_4811,Bluetooth,6017.0,1.0
P_2-1_4909_L_QP9YPYE3,18874.0,25200.0,6327.0,P_2-1_4909,LTE,6327.0,1.0
P_2-1_4930_L_DFQXUV8P,18525.0,25200.0,6676.0,P_2-1_4930,LTE,6676.0,1.0
P_2-1_499_B_UDEQ9URF,19786.0,25200.0,5415.0,P_2-1_499,Bluetooth,5415.0,1.0
P_2-1_5001_B_5BL3RTW8,18286.0,25200.0,6915.0,P_2-1_5001,Bluetooth,6915.0,1.0
P_2-1_5067_L_T0AMA9YN,19780.0,25200.0,5421.0,P_2-1_5067,LTE,5421.0,1.0
P_2-1_5419_B_RP51927N,18210.0,25200.0,6991.0,P_2-1_5419,Bluetooth,6991.0,1.0
P_2-1_5435_L_INSM3QAQ,18482.0,25200.0,6719.0,P_2-1_5435,LTE,7013.0,0.9580778554113789
P_2-1_5450_L_S8OMYH5G,19214.0,25200.0,5987.0,P_2-1_5450,LTE,5987.0,1.0
P_2-1_5552_L_0AIBIOVC,19403.0,25200.0,5798.0,P_2-1_5552,LTE,5798.0,1.0
P_2-1_5799_B_8MWSSJ4U,19184.0,25200.0,6017.0,P_2-1_5799,Bluetooth,6017.0,1.0
P_2-1_5841_L_Y2MAFFH7,19011.0,25200.0,6190.0,P_2-1_5841,LTE,6190.0,1.0
P_2-1_600_L_IZZM2ZCK,19618.0,25200.0,5583.0,P_2-1_600,LTE,5583.0,1.0
P_2-1_6021_B_TRJOGHBC,18155.0,25200.0,7046.0,P_2-1_6021,Bluetooth,7046.0,1.0
P_2-1_6130_L_70NCUI32,18585.0,25200.0,6616.0,P_2-1_6130,LTE,6616.0,1.0
P_2-1_6236_B_GSUHADJJ,18565.0,25200.0,6636.0,P_2-1_6236,Bluetooth,6636.0,1.0
P_2-1_6256_B_0X8YAHV8,18536.0,25200.0,6665.0,P_2-1_6256,Bluetooth,6665.0,1.0
P_2-1_6274_L_ESSYM9NK,18535.0,25200.0,6666.0,P_2-1_6274,LTE,6666.0,1.0
P_2-1_63_L_3D14WNPS,18187.0,25200.0,7014.0,P_2-1_63,LTE,7014.0,1.0
P_2-1_804_B_ST5JLRX0,19286.0,25200.0,5915.0,P_2-1_804,Bluetooth,5915.0,1.0
P_2-1_842_B_8RAR25W1,19287.0,25200.0,5914.0,P_2-1_842,Bluetooth,5914.0,1.0
