user_id,neighbor_id,duration_seconds
P_1-2_1990,P_1-1-pt_7732,3.700000000000002
P_1-3_2410,P_1-2_4634,30.100000000000158
P_1-3_2410,P_1-3_4775,32.40000000000019
P_1-3_2410,P_1-3_3253,20.200000000000017
P_1-3_2410,P_1-3_2018,11.599999999999975
P_1-3_2410,P_1-3_2633,9.99999999999998
P_1-3_2410,P_1-2_5210,9.99999999999998
P_1-3_2410,P_1-2_573,10.09999999999998
P_1-3_2410,P_1-3_4954,19.70000000000001
P_1-3_2410,P_1-3_4875,20.30000000000002
P_1-3_2410,P_1-3_3410,9.89999999999998
P_1-3_2221,P_1-1-pt_3097,33.400000000000205
P_1-3_2018,P_1-2_5210,11.999999999999973
P_1-3_2018,P_1-2_573,23.10000000000006
P_1-3_2018,P_1-3_4954,30.800000000000168
P_1-3_2018,P_1-3_2633,10.09999999999998
P_1-3_2018,P_1-2_4634,20.100000000000016
P_1-3_2018,P_1-3_4775,20.000000000000014
P_1-3_2018,P_1-3_2410,11.599999999999975
P_1-3_2018,P_1-3_3253,20.200000000000017
P_1-3_2018,P_1-3_4875,20.000000000000014
P_1-3_2018,P_1-3_3410,10.29999999999998
P_1-2_609,P_1-1-pt_498,3.700000000000002
P_1-2_609,P_1-1-pt_2032,7.799999999999988
P_1-2_609,P_1-2_4266,9.99999999999998
P_1-2_609,P_1-1-pt_8735,7.799999999999988
P_1-2_609,P_1-2_5745,19.200000000000003
P_1-1-pt_5078,P_1-2_3280,3.800000000000002
P_1-1-pt_5078,P_1-1-pt_7208,10.999999999999977
P_1-1-pt_5078,P_1-1-pt_6538,8.499999999999986
P_1-1-pt_5078,P_1-1-pt_4901,22.60000000000005
P_1-1-pt_5078,P_1-1-pt_8682,8.799999999999985
P_1-1-pt_5078,P_1-1-pt_7080,17.299999999999976
P_1-2_4734,P_1-2_4206,40.80000000000031
P_1-2_4734,P_1-3_1500,40.500000000000306
P_1-2_4734,P_1-3_3901,40.60000000000031
P_1-2_4734,P_1-2_1420,40.60000000000031
P_1-2_4734,P_1-3_228,40.60000000000031
P_1-2_4734,P_1-3_3776,40.70000000000031
P_1-2_4734,P_2-1_2161,40.80000000000031
P_1-2_4734,P_1-3_874,20.40000000000002
P_1-2_4734,P_1-3_2454,20.30000000000002
P_1-2_4734,P_1-3_3834,20.30000000000002
P_1-2_4734,P_1-2_3280,20.40000000000002
P_1-2_4734,P_1-3_3046,20.40000000000002
P_1-2_4734,P_1-3_3457,20.40000000000002
P_1-2_4734,P_1-3_4168,20.40000000000002
P_1-2_4734,P_1-3_2053,18.19999999999999
P_1-1-pt_8289,P_1-2_638,694.8000000000894
P_1-1-pt_8289,P_1-2_5753,39.800000000000296
P_1-1-pt_8289,P_1-1-veh_834,34.800000000000225
P_1-1-pt_8289,P_1-1-veh_530,8.399999999999986
P_1-1-pt_8289,P_1-3_2599,7.799999999999988
P_1-1-pt_8289,P_1-2_5745,7.799999999999988
P_1-1-pt_8289,P_1-3_743,15.499999999999961
P_1-1-pt_8289,P_1-1-pt_8735,10.09999999999998
P_1-1-pt_8289,P_1-2_4266,6.5999999999999925
P_1-1-pt_8289,P_1-3_3076,7.799999999999988
P_1-1-pt_8289,P_1-1-pt_182,10.09999999999998
P_1-1-pt_8289,P_1-3_4289,7.799999999999988
P_1-2_638,P_1-1-pt_8289,694.8000000000894
P_1-2_638,P_1-1-pt_8184,13.299999999999969
P_1-3_2454,P_1-2_4206,20.40000000000002
P_1-3_2454,P_1-3_1500,20.30000000000002
P_1-3_2454,P_1-3_3901,20.30000000000002
P_1-3_2454,P_1-2_1420,20.40000000000002
P_1-3_2454,P_1-3_228,20.200000000000017
P_1-3_2454,P_1-3_3776,20.200000000000017
P_1-3_2454,P_2-1_2161,20.30000000000002
P_1-3_2454,P_1-3_874,10.19999999999998
P_1-3_2454,P_1-2_4734,20.30000000000002
P_1-3_2454,P_1-3_3834,10.09999999999998
P_1-3_2454,P_1-2_3280,10.09999999999998
P_1-3_2454,P_1-3_3046,10.19999999999998
P_1-3_2454,P_1-3_3457,10.09999999999998
P_1-3_2454,P_1-3_4168,10.09999999999998
P_1-3_2454,P_1-3_2053,10.09999999999998
P_1-3_2454,P_1-2_5951,10.09999999999998
P_1-3_2454,P_1-3_4690,10.29999999999998
P_1-2_3821,P_1-3_4738,133.3999999999967
P_1-2_3821,P_1-2_5752,123.59999999999725
P_1-2_3821,P_1-1-veh_837,113.29999999999784
P_1-2_3821,P_2-1_2028,61.90000000000061
P_1-2_3821,P_1-2_2580,133.89999999999668
P_1-2_3821,P_1-2_3464,123.59999999999725
P_1-2_3821,P_1-2_2797,136.19999999999655
P_1-2_4454,P_1-1-pt_7938,5.399999999999997
P_1-2_4454,P_1-1-pt_3931,5.399999999999997
P_1-2_4454,P_1-1-pt_3353,7.29999999999999
P_1-1-pt_2770,P_1-1-pt_7938,10.19999999999998
P_1-1-pt_2770,P_1-1-pt_3931,8.799999999999985
P_1-1-pt_2770,P_1-1-pt_3353,10.09999999999998
P_1-1-pt_5139,P_1-2_250,3.600000000000002
P_1-1-pt_5139,P_1-3_5475,3.600000000000002
P_1-1-pt_5139,P_1-1-pt_7440,9.699999999999982
P_1-1-pt_5139,P_1-3_1945,7.899999999999988
P_1-1-pt_5139,P_1-2_848,3.800000000000002
P_1-1-pt_5139,P_1-3_1027,7.599999999999989
P_1-1-pt_5139,P_1-1-pt_2431,10.09999999999998
P_1-1-pt_255,P_1-1-pt_1560,10.699999999999978
P_1-1-pt_255,P_1-1-pt_2606,10.799999999999978
P_1-1-pt_255,P_1-1-pt_1966,10.799999999999978
P_1-1-pt_255,P_1-1-pt_5906,10.699999999999978
P_1-1-pt_255,P_1-1-pt_1238,10.899999999999977
P_1-1-pt_255,P_1-1-pt_3916,10.899999999999977
P_1-1-pt_255,P_1-1-pt_1226,11.199999999999976
P_1-1-pt_255,P_1-1-pt_3409,9.89999999999998
P_1-1-pt_255,P_1-1-pt_3624,10.09999999999998
P_1-1-pt_255,P_1-1-pt_3097,10.699999999999978
P_1-1-pt_255,P_1-1-pt_761,10.899999999999977
P_1-3_3834,P_1-3_3046,10.09999999999998
P_1-3_3834,P_1-3_3457,10.19999999999998
P_1-3_3834,P_1-1-pt_2606,3.800000000000002
P_1-3_3834,P_1-3_4168,10.19999999999998
P_1-3_3834,P_2-1_2161,20.40000000000002
P_1-3_3834,P_1-3_874,20.30000000000002
P_1-3_3834,P_1-2_4734,20.30000000000002
P_1-3_3834,P_1-3_2454,10.09999999999998
P_1-3_3834,P_1-2_4206,20.30000000000002
P_1-3_3834,P_1-3_1500,20.200000000000017
P_1-3_3834,P_1-3_3901,20.200000000000017
P_1-3_3834,P_1-2_1420,20.30000000000002
P_1-3_3834,P_1-3_228,20.30000000000002
P_1-3_3834,P_1-2_3280,10.19999999999998
P_1-3_3834,P_1-3_2053,10.19999999999998
P_1-3_3834,P_1-3_3776,30.500000000000163
P_1-2_4327,P_1-2_3716,20.30000000000002
P_1-2_1559,P_1-2_1017,10.399999999999979
P_1-2_1559,P_1-2_671,33.60000000000021
P_1-3_2180,P_1-2_3378,0.30000000000000004
P_1-3_2180,P_1-3_2076,9.99999999999998
P_1-3_2180,P_1-1-pt_4785,7.799999999999988
P_1-3_2180,P_2-1_3664,10.599999999999978
P_1-3_2180,P_2-1_3058,10.399999999999979
P_1-3_2180,P_1-2_5092,1.0999999999999999
P_1-3_2180,P_1-3_5354,10.09999999999998
P_1-2_3488,P_1-2_2237,16.19999999999996
P_1-2_3488,P_1-1-pt_2129,15.59999999999996
P_1-2_3488,P_1-1-pt_1039,15.499999999999961
P_1-2_3488,P_1-1-pt_5275,15.499999999999961
P_1-2_3488,P_1-1-pt_1700,15.59999999999996
P_1-3_3046,P_1-3_3834,10.09999999999998
P_1-3_3046,P_1-2_3280,10.29999999999998
P_1-3_3046,P_1-1-pt_4966,4.4
P_1-3_3046,P_1-3_4168,10.19999999999998
P_1-3_3046,P_1-2_4734,20.40000000000002
P_1-3_3046,P_1-3_2454,10.19999999999998
P_1-3_3046,P_1-2_4206,20.30000000000002
P_1-3_3046,P_1-3_1500,20.30000000000002
P_1-3_3046,P_1-3_3901,20.30000000000002
P_1-3_3046,P_1-2_1420,10.19999999999998
P_1-3_3046,P_1-3_228,10.19999999999998
P_1-3_3046,P_1-3_3776,10.19999999999998
P_1-3_3046,P_2-1_2161,10.19999999999998
P_1-3_3046,P_1-3_2053,10.19999999999998
P_1-3_3046,P_1-3_3457,17.199999999999974
P_1-1-pt_530,P_1-1-pt_761,11.399999999999975
P_1-1-pt_530,P_1-1-pt_6297,13.999999999999966
P_1-1-pt_3629,P_1-2_4771,31.70000000000018
P_1-1-pt_3629,P_1-1-pt_1714,20.600000000000023
P_1-1-pt_3629,P_1-2_2287,15.79999999999996
P_1-1-pt_3629,P_1-3_1785,15.79999999999996
P_1-1-pt_3629,P_1-2_3081,16.19999999999996
P_1-2_4634,P_1-3_4775,42.00000000000033
P_1-2_4634,P_1-3_2410,30.100000000000158
P_1-2_4634,P_1-3_3253,40.2000000000003
P_1-2_4634,P_1-3_2018,20.100000000000016
P_1-2_4634,P_1-3_2633,30.20000000000016
P_1-2_4634,P_1-2_5210,20.100000000000016
P_1-2_4634,P_1-2_573,26.200000000000102
P_1-2_4634,P_1-3_4954,20.900000000000027
P_1-2_4634,P_1-3_4875,61.0000000000006
P_1-2_4634,P_1-3_3410,60.70000000000059
P_1-2_4609,P_2-1_5067,8.899999999999984
P_1-2_2580,P_1-3_4738,133.5999999999967
P_1-2_2580,P_1-2_5752,123.59999999999725
P_1-2_2580,P_1-2_3464,122.39999999999732
P_1-2_2580,P_1-1-veh_837,112.79999999999787
P_1-2_2580,P_2-1_2028,61.80000000000061
P_1-2_2580,P_1-2_3821,133.89999999999668
P_1-2_2580,P_1-2_2797,145.29999999999603
P_1-2_1285,P_1-1-pt_1601,5.1999999999999975
P_1-2_1285,P_1-1-pt_2425,839.4000000001223
P_1-1-pt_6355,P_1-1-pt_5167,10.799999999999978
P_1-1-pt_6355,P_1-1-pt_1747,10.799999999999978
P_1-1-pt_6355,P_1-1-pt_7938,8.699999999999985
P_1-1-pt_6355,P_1-1-pt_3931,10.09999999999998
P_1-1-pt_6355,P_1-1-pt_3353,10.699999999999978
P_1-1-pt_1669,P_1-2_1494,3.700000000000002
P_1-1-pt_1669,P_1-1-pt_6381,8.799999999999985
P_1-1-pt_5167,P_1-1-pt_6355,10.799999999999978
P_1-1-pt_5167,P_1-1-pt_3858,57.400000000000546
P_1-1-pt_5167,P_1-1-pt_521,658.7000000000812
P_1-1-pt_5167,P_1-1-pt_4262,11.599999999999975
P_1-1-pt_5167,P_1-1-pt_6974,177.89999999999418
P_1-1-pt_5167,P_1-1-pt_3671,235.99999999999088
P_1-1-pt_5167,P_1-1-pt_98,116.29999999999767
P_1-1-pt_5167,P_1-1-pt_3207,55.900000000000524
P_1-1-pt_5167,P_1-1-pt_1497,79.49999999999976
P_1-1-pt_5167,P_1-1-pt_6743,28.500000000000135
P_1-1-pt_5167,P_1-1-pt_4736,33.2000000000002
P_1-1-pt_5167,P_1-1-pt_2880,31.70000000000018
P_1-1-pt_5167,P_1-1-pt_2920,10.599999999999978
P_1-1-pt_5167,P_1-1-pt_7573,11.599999999999975
P_1-1-pt_5167,P_1-1-veh_767,3.800000000000002
P_1-1-pt_5167,P_1-1-pt_2013,36.40000000000025
P_1-1-pt_5167,P_1-1-pt_1747,250.19999999999007
P_1-3_4492,P_1-1-pt_1601,7.799999999999988
P_1-1-pt_1006,P_1-1-pt_8969,10.19999999999998
P_1-1-pt_1006,P_1-3_5475,11.099999999999977
P_1-1-pt_1006,P_1-2_3702,13.499999999999968
P_1-1-pt_1006,P_1-1-pt_2431,10.19999999999998
P_1-1-pt_1006,P_1-2_848,15.99999999999996
P_1-2_2287,P_1-1-pt_1714,8.199999999999987
P_1-2_2287,P_1-2_4771,20.40000000000002
P_1-2_2287,P_1-1-pt_3629,15.79999999999996
P_1-2_2287,P_1-3_1785,10.09999999999998
P_1-2_2287,P_1-2_3081,10.19999999999998
P_1-2_2287,P_1-2_5951,10.09999999999998
P_1-2_2287,P_1-3_4690,10.29999999999998
P_1-2_3214,P_1-2_5020,8.299999999999986
P_1-2_4270,P_1-1-pt_498,3.800000000000002
P_1-2_1612,P_1-1-pt_3858,9.699999999999982
P_1-2_1612,P_1-1-pt_6413,9.89999999999998
P_1-2_1612,P_1-1-pt_494,9.699999999999982
P_1-2_1612,P_1-1-pt_2162,9.799999999999981
P_1-2_3693,P_1-3_4954,9.799999999999981
P_1-2_3693,P_1-2_5210,10.09999999999998
P_1-2_3693,P_1-2_573,10.29999999999998
P_1-2_3693,P_1-2_1017,10.09999999999998
P_1-2_3693,P_1-1-pt_5241,5.899999999999995
P_1-2_3693,P_1-2_568,10.999999999999977
P_1-2_3693,P_1-1-pt_2952,15.399999999999961
P_1-2_3693,P_1-1-veh_5,17.899999999999984
P_1-3_5578,P_1-1-pt_8068,6.099999999999994
P_1-3_5578,P_1-2_4791,8.299999999999986
P_1-3_5578,P_1-2_1533,8.199999999999987
P_1-3_5578,P_1-3_635,10.399999999999979
P_2-1_63,P_1-1-pt_4879,7.29999999999999
P_2-1_63,P_1-1-pt_6413,9.89999999999998
P_2-1_63,P_1-1-pt_494,9.799999999999981
P_2-1_63,P_1-1-pt_2162,9.599999999999982
P_2-1_5435,P_1-2_2229,159.8999999999952
P_2-1_5435,P_1-2_2030,148.69999999999584
P_2-1_5435,P_2-1_3376,149.99999999999577
P_2-1_5435,P_2-1_6256,143.09999999999616
P_2-1_5435,P_1-2_3908,149.69999999999578
P_2-1_5435,P_1-1-pt_7104,99.9999999999986
P_2-1_5435,P_1-2_4886,138.5999999999964
P_2-1_5435,P_1-2_4607,139.49999999999636
P_2-1_5435,P_2-1_4331,159.9999999999952
P_1-1-pt_7040,P_1-1-pt_7123,1592.3999999996472
P_1-1-pt_7915,P_1-1-pt_6974,312.40000000000254
P_1-1-pt_7915,P_1-1-pt_3858,14.499999999999964
P_1-1-pt_7915,P_1-1-pt_521,13.799999999999967
P_1-1-pt_7915,P_1-1-pt_98,255.79999999998975
P_1-1-pt_7915,P_1-1-pt_5999,8.299999999999986
P_1-1-pt_7123,P_1-1-pt_7040,1592.3999999996472
P_1-2_5943,P_1-1-pt_4645,5.099999999999998
P_1-3_5334,P_1-2_3413,12.599999999999971
P_1-1-pt_1747,P_1-1-pt_6355,10.799999999999978
P_1-1-pt_1747,P_1-1-pt_3858,72.20000000000017
P_1-1-pt_1747,P_1-1-pt_521,57.60000000000055
P_1-1-pt_1747,P_1-1-pt_4262,10.09999999999998
P_1-1-pt_1747,P_1-1-pt_6974,104.19999999999835
P_1-1-pt_1747,P_1-1-pt_3671,216.89999999999196
P_1-1-pt_1747,P_1-1-pt_98,113.19999999999784
P_1-1-pt_1747,P_1-1-pt_3207,54.90000000000051
P_1-1-pt_1747,P_1-1-pt_1497,60.900000000000595
P_1-1-pt_1747,P_1-1-pt_6743,22.000000000000043
P_1-1-pt_1747,P_1-1-pt_4736,33.3000000000002
P_1-1-pt_1747,P_1-1-pt_2880,31.70000000000018
P_1-1-pt_1747,P_1-1-pt_2920,10.19999999999998
P_1-1-pt_1747,P_1-1-pt_7573,11.099999999999977
P_1-1-pt_1747,P_1-1-veh_767,3.900000000000002
P_1-1-pt_1747,P_1-1-pt_2013,9.89999999999998
P_1-1-pt_1747,P_1-1-pt_5167,250.19999999999007
P_2-1_5419,P_1-1-pt_4879,9.199999999999983
P_2-1_5419,P_1-1-pt_3858,8.799999999999985
P_2-1_5419,P_1-1-pt_2162,3.800000000000002
P_2-1_5419,P_1-1-pt_3409,15.499999999999961
P_2-1_5419,P_1-1-pt_6413,69.40000000000033
P_1-2_3608,P_1-3_743,2.9000000000000012
P_1-2_3608,P_1-1-pt_1173,15.099999999999962
P_1-2_5092,P_1-3_4587,0.7999999999999999
P_1-2_5092,P_1-3_2076,2.0000000000000004
P_1-2_5092,P_1-2_5020,10.09999999999998
P_1-2_5092,P_1-3_5354,0.8999999999999999
P_1-2_5092,P_1-2_3378,20.200000000000017
P_1-2_5092,P_1-2_3077,20.40000000000002
P_1-2_5092,P_1-3_2180,1.0999999999999999
P_1-1-pt_7440,P_1-1-pt_6673,10.19999999999998
P_1-1-pt_7440,P_1-1-pt_5139,9.699999999999982
P_1-1-pt_7440,P_1-1-pt_4380,10.09999999999998
P_1-1-pt_841,P_1-3_1140,15.69999999999996
P_1-1-pt_841,P_1-1-pt_8085,1677.19999999957
P_1-1-pt_8982,P_1-1-pt_3931,9.99999999999998
P_1-1-pt_8982,P_1-1-pt_3353,10.19999999999998
P_1-2_2512,P_1-1-pt_4595,16.599999999999966
P_1-2_4206,P_1-2_4734,40.80000000000031
P_1-2_4206,P_1-3_1500,40.60000000000031
P_1-2_4206,P_1-3_3901,40.60000000000031
P_1-2_4206,P_1-2_1420,40.80000000000031
P_1-2_4206,P_1-3_228,40.80000000000031
P_1-2_4206,P_1-3_3776,40.70000000000031
P_1-2_4206,P_2-1_2161,40.80000000000031
P_1-2_4206,P_1-3_874,20.40000000000002
P_1-2_4206,P_1-3_2454,20.40000000000002
P_1-2_4206,P_1-3_3834,20.30000000000002
P_1-2_4206,P_1-2_3280,20.40000000000002
P_1-2_4206,P_1-3_3046,20.30000000000002
P_1-2_4206,P_1-3_3457,20.40000000000002
P_1-2_4206,P_1-3_4168,10.19999999999998
P_1-2_4206,P_1-3_2053,10.09999999999998
P_1-2_5640,P_1-3_4875,10.09999999999998
P_1-2_5640,P_1-2_568,14.699999999999964
P_1-2_5640,P_1-1-pt_2952,12.599999999999971
P_1-2_5640,P_1-1-veh_5,10.09999999999998
P_1-2_5640,P_1-2_1066,31.300000000000175
P_1-2_5640,P_1-2_3835,211.89999999999225
P_1-1-pt_5392,P_1-1-pt_1138,19.300000000000004
P_1-1-pt_5392,P_1-1-pt_8762,19.300000000000004
P_1-1-pt_2342,P_1-3_5020,3.600000000000002
P_1-1-pt_2342,P_1-2_4715,6.499999999999993
P_1-1-pt_8545,P_1-1-pt_2606,9.699999999999982
P_1-1-pt_8545,P_1-1-pt_1238,10.799999999999978
P_1-1-pt_8545,P_1-1-pt_3916,10.19999999999998
P_1-1-pt_8545,P_1-1-pt_1226,10.699999999999978
P_1-1-pt_8545,P_1-1-pt_3624,10.09999999999998
P_1-1-pt_8545,P_1-1-pt_6453,10.399999999999979
P_1-1-pt_8545,P_1-1-pt_5193,1835.8999999994257
P_1-2_4955,P_2-1_4930,17.799999999999983
P_2-1_5001,P_2-1_3601,41.50000000000032
P_2-1_5001,P_2-1_2486,41.200000000000315
P_2-1_4331,P_1-2_2229,149.69999999999578
P_2-1_4331,P_1-2_2030,149.4999999999958
P_2-1_4331,P_2-1_3376,149.4999999999958
P_2-1_4331,P_2-1_6256,149.3999999999958
P_2-1_4331,P_1-2_3908,149.79999999999578
P_2-1_4331,P_1-1-pt_7104,100.49999999999856
P_2-1_4331,P_1-2_4886,128.499999999997
P_2-1_4331,P_1-2_4607,970.100000000152
P_2-1_4331,P_2-1_5435,159.9999999999952
P_1-2_5753,P_1-1-pt_8289,39.800000000000296
P_1-2_5753,P_1-1-veh_834,42.70000000000034
P_1-2_5753,P_1-3_743,10.09999999999998
P_1-2_5753,P_1-1-veh_530,10.899999999999977
P_1-2_5753,P_1-3_2599,10.09999999999998
P_1-2_5753,P_1-1-pt_8735,7.799999999999988
P_1-2_5753,P_1-2_5745,10.19999999999998
P_1-2_5753,P_1-1-pt_182,7.799999999999988
P_1-2_5753,P_1-2_4266,10.09999999999998
P_1-2_5753,P_1-3_4289,10.09999999999998
P_1-2_5753,P_1-3_3076,10.09999999999998
P_1-1-veh_767,P_1-1-pt_5199,9.299999999999983
P_1-1-veh_767,P_1-1-pt_5666,7.799999999999988
P_1-1-veh_767,P_1-1-pt_2880,7.799999999999988
P_1-1-veh_767,P_1-1-pt_6743,7.799999999999988
P_1-1-veh_767,P_1-1-pt_8280,3.4000000000000017
P_1-1-veh_767,P_1-1-pt_521,3.700000000000002
P_1-1-veh_767,P_1-1-pt_5167,3.800000000000002
P_1-1-veh_767,P_1-1-pt_1747,3.900000000000002
P_1-1-veh_767,P_1-1-pt_3207,47.3000000000004
P_1-2_4853,P_2-1_1463,10.29999999999998
P_1-2_4853,P_2-1_4788,14.299999999999965
P_1-2_4853,P_2-1_499,10.19999999999998
P_1-2_4853,P_2-1_804,10.19999999999998
P_1-2_4853,P_2-1_213,10.09999999999998
P_1-3_1785,P_1-2_3081,10.19999999999998
P_1-3_1785,P_1-1-pt_1714,7.899999999999988
P_1-3_1785,P_1-2_2287,10.09999999999998
P_1-3_1785,P_1-2_4771,20.30000000000002
P_1-3_1785,P_1-1-pt_3629,15.79999999999996
P_1-3_1785,P_1-2_5951,10.09999999999998
P_1-3_2323,P_1-1-pt_6779,6.299999999999994
P_2-1_4127,P_1-3_3759,14.799999999999963
P_1-2_3575,P_1-3_2985,7.799999999999988
P_1-3_528,P_1-1-pt_6273,4.5
P_1-3_528,P_1-3_403,17.099999999999973
P_1-3_528,P_1-3_3759,15.099999999999962
P_1-3_3759,P_1-3_528,15.099999999999962
P_1-3_3759,P_2-1_4127,14.799999999999963
P_1-2_3386,P_1-3_2985,0.6
P_1-2_3280,P_1-1-pt_5078,3.800000000000002
P_1-2_3280,P_1-3_3046,10.29999999999998
P_1-2_3280,P_1-3_3457,10.19999999999998
P_1-2_3280,P_1-3_4168,10.19999999999998
P_1-2_3280,P_1-2_4734,20.40000000000002
P_1-2_3280,P_1-3_2454,10.09999999999998
P_1-2_3280,P_1-2_4206,20.40000000000002
P_1-2_3280,P_1-3_1500,20.30000000000002
P_1-2_3280,P_1-3_3901,20.200000000000017
P_1-2_3280,P_1-2_1420,10.19999999999998
P_1-2_3280,P_1-3_228,10.19999999999998
P_1-2_3280,P_1-3_3834,10.19999999999998
P_1-2_3280,P_1-3_3776,10.19999999999998
P_1-2_3280,P_2-1_2161,10.19999999999998
P_1-2_3280,P_1-3_2053,10.19999999999998
P_1-2_593,P_1-1-pt_4645,15.499999999999961
P_1-1-pt_4996,P_1-1-veh_610,3.600000000000002
P_1-1-pt_4996,P_1-1-pt_761,21.400000000000034
P_1-1-pt_4996,P_1-1-pt_3097,19.900000000000013
P_1-1-pt_4996,P_1-1-pt_2834,29.000000000000142
P_1-1-pt_4996,P_1-1-pt_6297,10.799999999999978
P_1-1-pt_4996,P_1-1-pt_5199,20.40000000000002
P_1-1-pt_4996,P_1-1-pt_6931,11.199999999999976
P_1-1-pt_4996,P_1-1-pt_3067,11.199999999999976
P_1-1-pt_4996,P_1-1-pt_776,11.099999999999977
P_1-1-pt_4996,P_1-1-pt_2162,23.10000000000006
P_1-1-pt_4996,P_1-1-pt_297,237.69999999999078
P_1-1-pt_4996,P_1-1-pt_6176,10.899999999999977
P_1-2_1600,P_1-1-pt_6309,15.299999999999962
P_1-1-pt_2162,P_1-1-pt_3275,7.699999999999989
P_1-1-pt_2162,P_1-1-pt_1560,7.499999999999989
P_1-1-pt_2162,P_1-1-pt_1966,10.799999999999978
P_1-1-pt_2162,P_1-2_2875,11.999999999999973
P_1-1-pt_2162,P_1-1-pt_5906,10.499999999999979
P_1-1-pt_2162,P_1-1-pt_1238,10.599999999999978
P_1-1-pt_2162,P_1-1-pt_3916,10.699999999999978
P_1-1-pt_2162,P_1-1-pt_1226,10.599999999999978
P_1-1-pt_2162,P_1-1-pt_3409,20.200000000000017
P_1-1-pt_2162,P_2-1_3764,9.699999999999982
P_1-1-pt_2162,P_2-1_2925,9.599999999999982
P_1-1-pt_2162,P_2-1_63,9.599999999999982
P_1-1-pt_2162,P_1-2_1612,9.799999999999981
P_1-1-pt_2162,P_1-1-pt_6453,10.29999999999998
P_1-1-pt_2162,P_1-3_3245,3.700000000000002
P_1-1-pt_2162,P_1-1-pt_6413,11.399999999999975
P_1-1-pt_2162,P_2-1_5419,3.800000000000002
P_1-1-pt_2162,P_1-1-pt_494,3841.099999997602
P_1-1-pt_2162,P_1-1-pt_4996,23.10000000000006
P_1-1-pt_2162,P_1-1-pt_8728,9.299999999999983
P_1-1-pt_2162,P_1-2_4483,10.09999999999998
P_1-1-pt_4671,P_1-1-pt_3927,9.89999999999998
P_1-1-pt_4671,P_1-1-pt_1298,9.399999999999983
P_1-1-pt_4671,P_1-1-pt_3275,10.899999999999977
P_1-1-pt_4671,P_1-1-pt_1560,10.799999999999978
P_1-1-pt_4671,P_1-1-pt_1966,10.899999999999977
P_1-1-pt_4671,P_1-1-pt_5906,10.899999999999977
P_1-1-pt_4671,P_1-1-pt_1238,10.799999999999978
P_1-1-pt_4671,P_1-1-pt_3916,10.999999999999977
P_1-1-pt_4671,P_1-1-pt_1226,11.099999999999977
P_1-1-pt_4671,P_1-1-pt_3409,9.99999999999998
P_1-1-pt_4671,P_1-1-pt_3624,9.99999999999998
P_1-1-pt_4671,P_1-1-pt_1473,10.899999999999977
P_1-1-pt_4671,P_1-1-pt_6297,10.699999999999978
P_1-1-pt_4671,P_1-1-pt_3769,11.199999999999976
P_1-1-pt_4671,P_1-1-pt_6031,11.399999999999975
P_1-2_1066,P_1-1-pt_4715,3.700000000000002
P_1-2_1066,P_1-2_5640,31.300000000000175
P_1-1-pt_6931,P_1-3_2955,10.999999999999977
P_1-1-pt_6931,P_1-1-pt_4996,11.199999999999976
P_1-1-pt_6931,P_1-1-pt_3386,9.599999999999982
P_1-1-pt_6931,P_1-1-pt_3067,10.499999999999979
P_1-1-pt_6931,P_1-1-pt_776,10.699999999999978
P_1-1-pt_6931,P_1-1-pt_1226,12.69999999999997
P_1-1-pt_6931,P_1-1-pt_5199,10.699999999999978
P_1-1-pt_6931,P_1-3_4690,9.99999999999998
P_1-1-pt_6931,P_1-1-pt_1473,10.699999999999978
P_1-1-pt_6931,P_1-1-pt_2529,10.09999999999998
P_1-1-pt_6931,P_1-1-pt_8830,10.19999999999998
P_1-1-pt_2844,P_1-1-pt_1601,8.999999999999984
P_1-1-pt_2844,P_1-1-pt_7938,1568.399999999669
P_1-1-pt_6309,P_1-2_1600,15.299999999999962
P_1-3_2955,P_1-1-pt_6931,10.999999999999977
P_1-3_2955,P_1-3_3494,17.59999999999998
P_1-3_2955,P_1-3_4690,7.39999999999999
P_1-2_4388,P_2-1_3944,20.30000000000002
P_1-1-veh_234,P_1-1-pt_6538,7.799999999999988
P_1-1-veh_234,P_1-1-pt_8682,15.79999999999996
P_1-1-veh_234,P_1-2_1596,10.19999999999998
P_1-1-veh_234,P_1-1-pt_7080,17.999999999999986
P_1-1-veh_234,P_1-2_3389,10.29999999999998
P_1-1-pt_5258,P_1-1-pt_7277,10.19999999999998
P_1-1-pt_5258,P_2-1_2293,3.5000000000000018
P_1-1-pt_5258,P_1-1-pt_7948,17.999999999999986
P_1-3_2278,P_1-3_3793,8.599999999999985
P_1-3_2278,P_2-1_6274,20.200000000000017
P_1-1-pt_6031,P_1-1-pt_1121,10.799999999999978
P_1-1-pt_6031,P_1-1-pt_2606,10.799999999999978
P_1-1-pt_6031,P_1-1-pt_1966,10.799999999999978
P_1-1-pt_6031,P_1-1-pt_5906,10.899999999999977
P_1-1-pt_6031,P_1-1-pt_1238,10.999999999999977
P_1-1-pt_6031,P_1-1-pt_3916,10.19999999999998
P_1-1-pt_6031,P_1-1-pt_1226,10.699999999999978
P_1-1-pt_6031,P_1-1-pt_5199,12.599999999999971
P_1-1-pt_6031,P_1-1-pt_0,18.39999999999999
P_1-1-pt_6031,P_1-1-pt_8068,23.20000000000006
P_1-1-pt_6031,P_1-1-pt_4671,11.399999999999975
P_1-1-pt_6031,P_1-1-pt_4919,11.299999999999976
P_1-1-pt_776,P_1-1-pt_7760,11.299999999999976
P_1-1-pt_776,P_1-3_2053,3.800000000000002
P_1-1-pt_776,P_1-1-pt_6297,23.400000000000063
P_1-1-pt_776,P_1-1-pt_5199,12.399999999999972
P_1-1-pt_776,P_1-2_303,16.89999999999997
P_1-1-pt_776,P_1-1-pt_6931,10.699999999999978
P_1-1-pt_776,P_1-1-pt_4996,11.099999999999977
P_1-1-pt_776,P_1-2_2543,8.099999999999987
P_1-1-pt_4262,P_1-1-pt_5167,11.599999999999975
P_1-1-pt_4262,P_1-1-pt_1747,10.09999999999998
P_1-1-pt_4262,P_1-1-pt_3671,11.199999999999976
P_1-1-pt_4262,P_1-1-pt_6743,9.99999999999998
P_1-1-pt_4262,P_1-1-pt_5357,9.89999999999998
P_1-1-pt_4262,P_1-1-veh_152,3.700000000000002
P_1-1-pt_4262,P_1-1-pt_1420,10.599999999999978
P_1-1-pt_4262,P_1-1-pt_8247,10.599999999999978
P_1-1-pt_4262,P_1-1-pt_3512,10.09999999999998
P_1-1-pt_4262,P_1-1-pt_1798,10.699999999999978
P_1-1-pt_6673,P_1-1-pt_7440,10.19999999999998
P_1-1-pt_6673,P_1-1-pt_2920,10.09999999999998
P_1-3_3457,P_1-3_3834,10.19999999999998
P_1-3_3457,P_1-2_3280,10.19999999999998
P_1-3_3457,P_1-1-pt_4966,5.4999999999999964
P_1-3_3457,P_1-3_4168,10.19999999999998
P_1-3_3457,P_1-2_4734,20.40000000000002
P_1-3_3457,P_1-3_2454,10.09999999999998
P_1-3_3457,P_1-2_4206,20.40000000000002
P_1-3_3457,P_1-3_1500,20.30000000000002
P_1-3_3457,P_1-3_3901,10.19999999999998
P_1-3_3457,P_1-2_1420,10.19999999999998
P_1-3_3457,P_1-3_228,10.09999999999998
P_1-3_3457,P_1-3_3776,10.19999999999998
P_1-3_3457,P_2-1_2161,10.19999999999998
P_1-3_3457,P_1-3_2053,10.19999999999998
P_1-3_3457,P_1-3_3046,17.199999999999974
P_1-2_2229,P_2-1_6256,149.79999999999578
P_1-2_2229,P_2-1_5435,159.8999999999952
P_1-2_2229,P_2-1_4331,149.69999999999578
P_1-2_2229,P_1-2_3908,149.79999999999578
P_1-2_2229,P_1-2_4607,138.8999999999964
P_1-2_2229,P_1-2_2030,151.79999999999566
P_1-2_2229,P_2-1_3376,149.2999999999958
P_1-2_2229,P_1-1-pt_7104,585.8000000000646
P_1-2_2229,P_1-2_4886,180.59999999999403
P_1-3_635,P_1-2_1533,8.199999999999987
P_1-3_635,P_1-3_5578,10.399999999999979
P_1-3_5475,P_1-1-pt_5139,3.600000000000002
P_1-3_5475,P_1-1-pt_1006,11.099999999999977
P_1-3_5475,P_2-1_5067,11.599999999999975
P_1-1-pt_560,P_1-3_874,97.9999999999987
P_1-1-pt_494,P_1-1-pt_3275,7.599999999999989
P_1-1-pt_494,P_1-1-pt_1560,7.699999999999989
P_1-1-pt_494,P_1-1-pt_1966,10.899999999999977
P_1-1-pt_494,P_1-2_2875,5.899999999999995
P_1-1-pt_494,P_1-1-pt_5906,10.699999999999978
P_1-1-pt_494,P_1-1-pt_1238,10.799999999999978
P_1-1-pt_494,P_1-1-pt_3916,10.599999999999978
P_1-1-pt_494,P_1-1-pt_1226,10.799999999999978
P_1-1-pt_494,P_1-1-pt_3409,10.29999999999998
P_1-1-pt_494,P_2-1_3764,9.799999999999981
P_1-1-pt_494,P_2-1_2925,9.699999999999982
P_1-1-pt_494,P_2-1_63,9.799999999999981
P_1-1-pt_494,P_1-2_1612,9.699999999999982
P_1-1-pt_494,P_1-1-pt_2162,3841.099999997602
P_2-1_3136,P_2-1_5450,51.000000000000455
P_1-2_573,P_1-3_2018,23.10000000000006
P_1-2_573,P_1-2_4634,26.200000000000102
P_1-2_573,P_1-3_4954,10.699999999999978
P_1-2_573,P_1-3_4775,20.200000000000017
P_1-2_573,P_1-3_2410,10.09999999999998
P_1-2_573,P_1-3_3253,20.000000000000014
P_1-2_573,P_1-3_2633,21.600000000000037
P_1-2_573,P_1-2_3693,10.29999999999998
P_1-2_573,P_1-3_4875,12.099999999999973
P_1-2_573,P_1-3_3410,10.09999999999998
P_1-2_573,P_1-2_5210,187.9999999999936
P_2-1_2293,P_1-1-pt_5258,3.5000000000000018
P_2-1_2293,P_1-1-pt_6381,9.099999999999984
P_1-2_2030,P_2-1_5435,148.69999999999584
P_1-2_2030,P_2-1_4331,149.4999999999958
P_1-2_2030,P_1-2_3908,139.59999999999636
P_1-2_2030,P_1-2_4607,139.39999999999637
P_1-2_2030,P_2-1_6256,139.69999999999635
P_1-2_2030,P_1-2_4886,138.29999999999643
P_1-2_2030,P_1-2_2229,151.79999999999566
P_1-2_2030,P_2-1_3376,1108.5000000000873
P_1-2_2030,P_1-1-pt_7104,107.09999999999819
P_1-1-veh_65,P_1-1-pt_7142,9.099999999999984
P_1-1-veh_65,P_1-1-pt_2529,14.099999999999966
P_1-3_4690,P_1-1-pt_4966,4.4
P_1-3_4690,P_1-1-pt_6176,3.900000000000002
P_1-3_4690,P_1-1-pt_6931,9.99999999999998
P_1-3_4690,P_1-3_2955,7.39999999999999
P_1-3_4690,P_1-1-pt_1714,7.799999999999988
P_1-3_4690,P_1-2_2287,10.29999999999998
P_1-3_4690,P_1-3_2454,10.29999999999998
P_1-3_4738,P_1-2_3821,133.3999999999967
P_1-3_4738,P_1-2_2580,133.5999999999967
P_1-3_4738,P_1-2_5752,123.29999999999727
P_1-3_4738,P_1-2_3464,122.7999999999973
P_1-3_4738,P_1-2_2797,122.99999999999729
P_1-3_4738,P_2-1_2028,61.500000000000604
P_1-3_4738,P_1-1-veh_837,3188.999999998195
P_1-1-pt_1270,P_1-1-pt_3275,10.399999999999979
P_1-1-pt_1270,P_1-1-pt_1560,10.599999999999978
P_1-1-pt_1270,P_1-1-pt_1966,9.299999999999983
P_1-1-pt_1270,P_1-1-pt_5906,10.899999999999977
P_1-1-pt_1270,P_1-1-pt_1238,10.899999999999977
P_1-1-pt_1270,P_1-1-pt_3916,10.699999999999978
P_1-1-pt_1270,P_1-1-pt_1108,7.499999999999989
P_1-1-pt_1270,P_1-1-pt_1226,10.599999999999978
P_1-1-pt_1270,P_1-1-pt_3624,9.99999999999998
P_1-1-pt_1270,P_1-1-pt_3409,237.4999999999908
P_1-1-pt_1270,P_1-1-pt_4919,11.399999999999975
P_1-1-pt_1270,P_1-1-pt_6453,10.09999999999998
P_1-1-pt_1270,P_1-3_3245,3.700000000000002
P_1-1-pt_3858,P_1-1-pt_5167,57.400000000000546
P_1-1-pt_3858,P_1-1-pt_1747,72.20000000000017
P_1-1-pt_3858,P_1-1-pt_6974,28.20000000000013
P_1-1-pt_3858,P_1-1-pt_4879,10.499999999999979
P_1-1-pt_3858,P_1-1-pt_2013,9.199999999999983
P_1-1-pt_3858,P_1-1-pt_6743,15.299999999999962
P_1-1-pt_3858,P_1-1-pt_98,57.00000000000054
P_1-1-pt_3858,P_1-1-pt_3671,63.30000000000063
P_1-1-pt_3858,P_1-1-pt_4736,19.1
P_1-1-pt_3858,P_1-1-pt_2880,21.20000000000003
P_1-1-pt_3858,P_1-2_1612,9.699999999999982
P_1-1-pt_3858,P_2-1_5419,8.799999999999985
P_1-1-pt_3858,P_1-1-pt_1497,10.499999999999979
P_1-1-pt_3858,P_1-1-pt_7915,14.499999999999964
P_1-1-pt_3858,P_1-1-pt_5999,20.600000000000023
P_1-1-pt_3858,P_1-1-pt_3207,11.599999999999975
P_1-2_4715,P_1-1-pt_3353,5.399999999999997
P_1-2_4715,P_1-1-pt_2342,6.499999999999993
P_1-3_5117,P_1-2_171,45.70000000000038
P_1-3_17,P_1-2_4464,0.4
P_1-3_17,P_1-3_3579,4.6
P_1-1-pt_1108,P_1-1-pt_1560,27.300000000000118
P_1-1-pt_1108,P_1-1-pt_1966,10.499999999999979
P_1-1-pt_1108,P_1-1-pt_5906,10.699999999999978
P_1-1-pt_1108,P_1-1-pt_1238,10.899999999999977
P_1-1-pt_1108,P_1-1-pt_3916,10.699999999999978
P_1-1-pt_1108,P_1-1-veh_792,3.700000000000002
P_1-1-pt_1108,P_1-1-pt_1270,7.499999999999989
P_1-1-pt_1108,P_1-1-pt_4919,10.399999999999979
P_1-1-pt_1108,P_1-1-pt_1304,21.10000000000003
P_1-1-pt_1108,P_1-1-pt_1226,32.20000000000019
P_1-1-pt_1108,P_1-2_1203,9.099999999999984
P_1-1-pt_1108,P_1-1-pt_8137,11.099999999999977
P_1-1-pt_1560,P_1-1-pt_255,10.699999999999978
P_1-1-pt_1560,P_1-1-pt_1108,27.300000000000118
P_1-1-pt_1560,P_1-1-pt_494,7.699999999999989
P_1-1-pt_1560,P_1-1-pt_2162,7.499999999999989
P_1-1-pt_1560,P_1-1-pt_5897,11.299999999999976
P_1-1-pt_1560,P_1-1-pt_4671,10.799999999999978
P_1-1-pt_1560,P_1-1-pt_1270,10.599999999999978
P_1-1-pt_1560,P_1-1-pt_4919,10.499999999999979
P_1-1-pt_1560,P_1-1-pt_1304,11.199999999999976
P_1-1-pt_1560,P_1-1-pt_7863,10.599999999999978
P_1-1-pt_1560,P_1-1-pt_5193,9.299999999999983
P_1-1-pt_1560,P_1-1-pt_7325,10.899999999999977
P_1-1-pt_1560,P_1-1-pt_8137,11.099999999999977
P_1-1-pt_1560,P_1-1-pt_8762,9.599999999999982
P_1-1-pt_1560,P_1-1-pt_1138,9.599999999999982
P_1-1-pt_1560,P_1-1-pt_3275,1491.2999999997392
P_1-1-pt_1560,P_1-1-pt_5298,18.9
P_1-1-pt_2606,P_1-3_3834,3.800000000000002
P_1-1-pt_2606,P_1-1-pt_3067,263.99999999999153
P_1-1-pt_2606,P_1-1-pt_6031,10.799999999999978
P_1-1-pt_2606,P_1-1-pt_255,10.799999999999978
P_1-1-pt_2606,P_1-1-pt_3769,10.699999999999978
P_1-1-pt_2606,P_1-1-pt_8545,9.699999999999982
P_1-1-pt_2606,P_1-1-pt_1121,10.999999999999977
P_1-1-pt_3769,P_1-1-pt_2606,10.699999999999978
P_1-1-pt_3769,P_1-1-pt_5906,10.899999999999977
P_1-1-pt_3769,P_1-1-pt_1238,10.699999999999978
P_1-1-pt_3769,P_1-1-pt_3916,10.799999999999978
P_1-1-pt_3769,P_1-1-pt_1226,10.699999999999978
P_1-1-pt_3769,P_1-1-pt_3409,10.19999999999998
P_1-1-pt_3769,P_1-1-pt_3624,10.699999999999978
P_1-1-pt_3769,P_1-1-veh_792,3.900000000000002
P_1-1-pt_3769,P_1-1-pt_1473,10.899999999999977
P_1-1-pt_3769,P_1-1-pt_6297,10.899999999999977
P_1-1-pt_3769,P_1-1-pt_5897,2221.699999999075
P_1-1-pt_3769,P_1-1-pt_4671,11.199999999999976
P_1-1-pt_3769,P_1-1-pt_4919,10.999999999999977
P_1-1-pt_8692,P_1-1-veh_459,15.89999999999996
P_1-3_2187,P_2-1_4811,10.399999999999979
P_1-2_2237,P_1-2_3488,16.19999999999996
P_1-2_2237,P_1-2_4791,11.799999999999974
P_2-1_3376,P_2-1_5435,149.99999999999577
P_2-1_3376,P_2-1_4331,149.4999999999958
P_2-1_3376,P_1-2_3908,145.699999999996
P_2-1_3376,P_1-2_4607,139.29999999999637
P_2-1_3376,P_1-1-pt_7104,242.4999999999905
P_2-1_3376,P_1-2_4886,138.5999999999964
P_2-1_3376,P_2-1_6256,151.49999999999568
P_2-1_3376,P_1-2_2229,149.2999999999958
P_2-1_3376,P_1-2_2030,1108.5000000000873
P_1-1-pt_3927,P_1-1-pt_4671,9.89999999999998
P_1-1-pt_3927,P_1-1-pt_5298,10.19999999999998
P_1-1-pt_3927,P_1-1-pt_5115,7.999999999999988
P_1-1-pt_3927,P_1-2_3413,19.300000000000004
P_1-1-veh_459,P_1-1-pt_7664,19.1
P_1-1-veh_459,P_1-3_2280,4.200000000000001
P_1-1-veh_459,P_1-1-pt_8692,15.89999999999996
P_2-1_4930,P_2-1_4232,10.599999999999978
P_2-1_4930,P_1-3_5354,9.199999999999983
P_2-1_4930,P_1-2_4955,17.799999999999983
P_2-1_4930,P_1-1-pt_4785,6.299999999999994
P_1-2_829,P_1-1-pt_6516,7.799999999999988
P_1-1-pt_1329,P_2-1_2925,2.1000000000000005
P_1-1-pt_1329,P_1-1-pt_3489,32.800000000000196
P_2-1_6274,P_1-3_2278,20.200000000000017
P_2-1_6256,P_1-2_2229,149.79999999999578
P_2-1_6256,P_2-1_5435,143.09999999999616
P_2-1_6256,P_2-1_4331,149.3999999999958
P_2-1_6256,P_1-2_3908,209.69999999999237
P_2-1_6256,P_1-2_4607,139.59999999999636
P_2-1_6256,P_1-1-pt_7104,99.49999999999862
P_2-1_6256,P_1-2_4886,138.49999999999642
P_2-1_6256,P_1-2_2030,139.69999999999635
P_2-1_6256,P_2-1_3376,151.49999999999568
P_1-1-pt_521,P_1-1-pt_5167,658.7000000000812
P_1-1-pt_521,P_1-1-pt_1747,57.60000000000055
P_1-1-pt_521,P_1-1-pt_6974,7.899999999999988
P_1-1-pt_521,P_1-1-pt_4879,22.60000000000005
P_1-1-pt_521,P_1-1-pt_2369,12.499999999999972
P_1-1-pt_521,P_1-1-pt_6743,30.400000000000162
P_1-1-pt_521,P_1-1-pt_2880,29.900000000000155
P_1-1-pt_521,P_1-1-pt_3207,52.90000000000048
P_1-1-pt_521,P_1-1-pt_3230,21.70000000000004
P_1-1-pt_521,P_1-1-pt_571,21.400000000000034
P_1-1-pt_521,P_1-1-pt_8280,43.60000000000035
P_1-1-pt_521,P_1-1-pt_3671,44.700000000000365
P_1-1-pt_521,P_1-1-pt_98,483.10000000004135
P_1-1-pt_521,P_1-1-pt_1497,24.500000000000078
P_1-1-pt_521,P_1-1-pt_5666,20.40000000000002
P_1-1-pt_521,P_1-1-pt_2920,10.699999999999978
P_1-1-pt_521,P_1-1-veh_610,3.600000000000002
P_1-1-pt_521,P_1-1-pt_7915,13.799999999999967
P_1-1-pt_521,P_1-1-pt_7573,10.799999999999978
P_1-1-pt_521,P_1-1-veh_767,3.700000000000002
P_1-1-pt_521,P_1-1-pt_2013,12.99999999999997
P_1-1-pt_2369,P_1-1-pt_521,12.499999999999972
P_1-1-pt_2369,P_1-1-pt_8280,10.399999999999979
P_1-1-pt_2369,P_1-1-pt_3207,10.19999999999998
P_1-1-pt_2369,P_1-1-pt_6743,125.99999999999712
P_1-1-pt_2369,P_1-1-pt_4879,36.50000000000025
P_1-1-pt_2369,P_1-1-pt_4736,42.80000000000034
P_1-1-pt_2369,P_1-1-pt_2880,8.699999999999985
P_1-1-pt_2369,P_1-1-pt_3230,33.1000000000002
P_1-1-pt_2369,P_1-1-pt_571,37.90000000000027
P_1-1-pt_2369,P_1-1-pt_1497,20.900000000000027
P_1-1-pt_2369,P_1-1-pt_7573,10.499999999999979
P_1-1-pt_2369,P_1-1-pt_2013,8.599999999999985
P_1-1-pt_2369,P_1-1-pt_2297,24.200000000000074
P_1-1-pt_7664,P_1-1-pt_4879,5.999999999999995
P_1-1-pt_7664,P_1-1-veh_459,19.1
P_1-1-pt_7664,P_1-2_2543,8.199999999999987
P_1-3_4168,P_1-1-pt_7760,6.5999999999999925
P_1-3_4168,P_1-3_3834,10.19999999999998
P_1-3_4168,P_1-2_3280,10.19999999999998
P_1-3_4168,P_1-3_3046,10.19999999999998
P_1-3_4168,P_1-3_3457,10.19999999999998
P_1-3_4168,P_1-1-pt_1714,7.799999999999988
P_1-3_4168,P_1-2_4734,20.40000000000002
P_1-3_4168,P_1-3_2454,10.09999999999998
P_1-3_4168,P_1-2_4206,10.19999999999998
P_1-3_4168,P_1-3_1500,10.19999999999998
P_1-3_4168,P_1-3_3901,10.19999999999998
P_1-3_4168,P_1-2_1420,10.19999999999998
P_1-3_4168,P_1-3_228,10.19999999999998
P_1-3_4168,P_1-3_3776,10.19999999999998
P_1-3_4168,P_2-1_2161,10.19999999999998
P_1-3_4168,P_1-3_2053,10.19999999999998
P_1-3_1500,P_1-2_4734,40.500000000000306
P_1-3_1500,P_1-2_4206,40.60000000000031
P_1-3_1500,P_1-3_3901,40.60000000000031
P_1-3_1500,P_1-2_1420,40.80000000000031
P_1-3_1500,P_1-3_228,40.400000000000304
P_1-3_1500,P_1-3_3776,40.60000000000031
P_1-3_1500,P_2-1_2161,40.80000000000031
P_1-3_1500,P_1-3_874,20.200000000000017
P_1-3_1500,P_1-3_2454,20.30000000000002
P_1-3_1500,P_1-3_3834,20.200000000000017
P_1-3_1500,P_1-2_3280,20.30000000000002
P_1-3_1500,P_1-3_3046,20.30000000000002
P_1-3_1500,P_1-3_3457,20.30000000000002
P_1-3_1500,P_1-3_4168,10.19999999999998
P_1-3_1500,P_1-3_2053,10.09999999999998
P_1-3_4954,P_1-3_2018,30.800000000000168
P_1-3_4954,P_1-3_4875,10.09999999999998
P_1-3_4954,P_1-2_5210,12.199999999999973
P_1-3_4954,P_1-2_4634,20.900000000000027
P_1-3_4954,P_1-2_573,10.699999999999978
P_1-3_4954,P_1-3_4775,20.100000000000016
P_1-3_4954,P_1-3_2410,19.70000000000001
P_1-3_4954,P_1-3_3253,20.30000000000002
P_1-3_4954,P_1-3_2633,22.800000000000054
P_1-3_4954,P_1-2_3693,9.799999999999981
P_1-3_4954,P_1-3_3410,10.09999999999998
P_1-1-pt_4879,P_1-1-pt_7664,5.999999999999995
P_1-1-pt_4879,P_1-1-pt_521,22.60000000000005
P_1-1-pt_4879,P_1-1-pt_3858,10.499999999999979
P_1-1-pt_4879,P_1-1-pt_2013,210.09999999999235
P_1-1-pt_4879,P_1-1-pt_3207,22.40000000000005
P_1-1-pt_4879,P_1-1-pt_2369,36.50000000000025
P_1-1-pt_4879,P_1-1-pt_6743,9.299999999999983
P_1-1-pt_4879,P_2-1_2925,3.700000000000002
P_1-1-pt_4879,P_2-1_63,7.29999999999999
P_1-1-pt_4879,P_1-1-pt_5666,21.400000000000034
P_1-1-pt_4879,P_2-1_5419,9.199999999999983
P_1-1-pt_4879,P_1-2_303,18.499999999999993
P_1-3_1604,P_1-1-pt_2431,17.69999999999998
P_1-1-pt_2529,P_2-1_2136,7.899999999999988
P_1-1-pt_2529,P_1-1-veh_65,14.099999999999966
P_1-1-pt_2529,P_1-1-pt_8830,30.700000000000166
P_1-1-pt_2529,P_1-1-pt_6931,10.09999999999998
P_2-1_6236,P_1-1-pt_2431,10.399999999999979
P_1-2_4791,P_1-3_4666,8.499999999999986
P_1-2_4791,P_1-2_1533,9.099999999999984
P_1-2_4791,P_1-3_5578,8.299999999999986
P_1-2_4791,P_1-2_2237,11.799999999999974
P_1-2_1255,P_1-1-pt_6974,13.999999999999966
P_1-2_1255,P_1-1-pt_2503,10.899999999999977
P_1-2_1255,P_1-1-pt_4919,10.399999999999979
P_2-1_6130,P_2-1_1463,10.699999999999978
P_2-1_6130,P_2-1_4788,10.19999999999998
P_2-1_6130,P_2-1_499,10.09999999999998
P_2-1_6130,P_2-1_804,10.19999999999998
P_2-1_6130,P_2-1_213,10.19999999999998
P_2-1_3601,P_2-1_5001,41.50000000000032
P_2-1_3601,P_2-1_2486,30.90000000000017
P_1-2_4208,P_1-1-pt_7732,5.099999999999998
P_1-2_4208,P_1-1-pt_6368,10.29999999999998
P_1-2_4208,P_1-1-pt_1306,17.299999999999976
P_1-2_4208,P_1-2_3052,9.99999999999998
P_1-2_3835,P_1-2_5640,211.89999999999225
P_1-2_5210,P_1-3_2018,11.999999999999973
P_1-2_5210,P_1-3_4954,12.199999999999973
P_1-2_5210,P_1-2_4634,20.100000000000016
P_1-2_5210,P_1-3_4775,20.200000000000017
P_1-2_5210,P_1-3_2410,9.99999999999998
P_1-2_5210,P_1-3_3253,20.30000000000002
P_1-2_5210,P_1-3_2633,23.30000000000006
P_1-2_5210,P_1-2_3693,10.09999999999998
P_1-2_5210,P_1-3_4875,18.29999999999999
P_1-2_5210,P_1-3_3410,10.09999999999998
P_1-2_5210,P_1-2_573,187.9999999999936
P_1-3_2053,P_1-1-pt_776,3.800000000000002
P_1-3_2053,P_1-1-pt_1714,7.799999999999988
P_1-3_2053,P_1-3_2454,10.09999999999998
P_1-3_2053,P_1-2_4206,10.09999999999998
P_1-3_2053,P_1-3_1500,10.09999999999998
P_1-3_2053,P_1-3_3901,10.09999999999998
P_1-3_2053,P_1-2_1420,10.09999999999998
P_1-3_2053,P_1-3_228,10.19999999999998
P_1-3_2053,P_1-3_3834,10.19999999999998
P_1-3_2053,P_1-3_3776,10.19999999999998
P_1-3_2053,P_2-1_2161,10.19999999999998
P_1-3_2053,P_1-2_3280,10.19999999999998
P_1-3_2053,P_1-3_3046,10.19999999999998
P_1-3_2053,P_1-3_3457,10.19999999999998
P_1-3_2053,P_1-3_4168,10.19999999999998
P_1-3_2053,P_1-2_4734,18.19999999999999
P_1-1-pt_6297,P_1-1-pt_4996,10.799999999999978
P_1-1-pt_6297,P_1-1-pt_3386,10.19999999999998
P_1-1-pt_6297,P_1-1-pt_3067,22.800000000000054
P_1-1-pt_6297,P_1-1-pt_1238,12.599999999999971
P_1-1-pt_6297,P_1-1-pt_776,23.400000000000063
P_1-1-pt_6297,P_1-1-pt_1226,9.499999999999982
P_1-1-pt_6297,P_2-1_2136,9.099999999999984
P_1-1-pt_6297,P_1-1-pt_5897,10.999999999999977
P_1-1-pt_6297,P_1-1-pt_3769,10.899999999999977
P_1-1-pt_6297,P_1-1-pt_4671,10.699999999999978
P_1-1-pt_6297,P_1-1-pt_4919,12.399999999999972
P_1-1-pt_6297,P_1-1-pt_530,13.999999999999966
P_1-1-pt_6297,P_1-3_3245,4.699999999999999
P_1-1-pt_5357,P_1-1-pt_4262,9.89999999999998
P_1-1-pt_5357,P_1-1-pt_3386,20.700000000000024
P_1-1-pt_6779,P_1-3_2323,6.299999999999994
P_1-2_3077,P_1-2_3378,91.29999999999909
P_1-2_3077,P_1-3_2076,0.2
P_1-2_3077,P_1-2_5020,20.200000000000017
P_1-2_3077,P_1-2_5092,20.40000000000002
P_1-1-pt_6974,P_1-1-pt_3858,28.20000000000013
P_1-1-pt_6974,P_1-1-pt_521,7.899999999999988
P_1-1-pt_6974,P_1-1-pt_5167,177.89999999999418
P_1-1-pt_6974,P_1-1-pt_1747,104.19999999999835
P_1-1-pt_6974,P_1-1-pt_3671,226.5999999999914
P_1-1-pt_6974,P_1-1-pt_3207,98.59999999999867
P_1-1-pt_6974,P_1-1-pt_98,334.8000000000076
P_1-1-pt_6974,P_1-1-pt_1497,42.10000000000033
P_1-1-pt_6974,P_1-1-pt_4736,20.40000000000002
P_1-1-pt_6974,P_1-1-pt_2880,199.39999999999296
P_1-1-pt_6974,P_1-2_1255,13.999999999999966
P_1-1-pt_6974,P_1-1-pt_2920,32.000000000000185
P_1-1-pt_6974,P_1-1-pt_7915,312.40000000000254
P_1-1-pt_6974,P_1-1-pt_7573,10.599999999999978
P_1-2_5927,P_1-2_5020,9.299999999999983
P_1-3_3901,P_1-2_4734,40.60000000000031
P_1-3_3901,P_1-2_4206,40.60000000000031
P_1-3_3901,P_1-3_1500,40.60000000000031
P_1-3_3901,P_1-2_1420,40.80000000000031
P_1-3_3901,P_1-3_228,40.60000000000031
P_1-3_3901,P_1-3_3776,40.60000000000031
P_1-3_3901,P_2-1_2161,40.70000000000031
P_1-3_3901,P_1-3_874,20.30000000000002
P_1-3_3901,P_1-3_2454,20.30000000000002
P_1-3_3901,P_1-3_3834,20.200000000000017
P_1-3_3901,P_1-2_3280,20.200000000000017
P_1-3_3901,P_1-3_3046,20.30000000000002
P_1-3_3901,P_1-3_3457,10.19999999999998
P_1-3_3901,P_1-3_4168,10.19999999999998
P_1-3_3901,P_1-3_2053,10.09999999999998
P_1-1-pt_6368,P_1-1-pt_4595,8.599999999999985
P_1-1-pt_6368,P_1-2_4208,10.29999999999998
P_1-1-pt_6368,P_1-3_3755,8.799999999999985
P_1-1-pt_6368,P_1-1-pt_1306,27.800000000000125
P_1-1-pt_5115,P_1-1-pt_3927,7.999999999999988
P_1-1-pt_5115,P_1-2_2345,3.4000000000000017
P_1-1-pt_5115,P_1-2_4019,3.600000000000002
P_1-1-pt_5115,P_1-2_3692,3.5000000000000018
P_1-1-pt_1714,P_1-2_2287,8.199999999999987
P_1-1-pt_1714,P_1-2_4771,15.59999999999996
P_1-1-pt_1714,P_1-1-pt_3629,20.600000000000023
P_1-1-pt_1714,P_1-3_1785,7.899999999999988
P_1-1-pt_1714,P_1-3_4168,7.799999999999988
P_1-1-pt_1714,P_1-2_3081,7.799999999999988
P_1-1-pt_1714,P_1-3_2053,7.799999999999988
P_1-1-pt_1714,P_1-2_5951,7.799999999999988
P_1-1-pt_1714,P_1-3_4690,7.799999999999988
P_1-2_848,P_1-1-pt_5139,3.800000000000002
P_1-2_848,P_1-1-pt_1006,15.99999999999996
P_2-1_213,P_1-2_4853,10.09999999999998
P_2-1_213,P_2-1_6130,10.19999999999998
P_1-1-pt_8184,P_1-2_638,13.299999999999969
P_1-1-pt_8184,P_1-1-pt_1723,20.200000000000017
P_1-1-veh_602,P_1-1-pt_7732,3.700000000000002
P_1-2_1494,P_1-1-pt_1669,3.700000000000002
P_1-2_168,P_1-2_3708,10.09999999999998
P_1-1-pt_3489,P_1-1-pt_1329,32.800000000000196
P_1-2_4483,P_1-1-pt_2880,10.799999999999978
P_1-2_4483,P_1-1-pt_297,28.20000000000013
P_1-2_4483,P_1-1-pt_2162,10.09999999999998
P_1-2_4483,P_1-1-pt_3409,10.09999999999998
P_1-2_5951,P_1-1-pt_4966,3.800000000000002
P_1-2_5951,P_1-1-pt_1226,3.600000000000002
P_1-2_5951,P_1-1-pt_1714,7.799999999999988
P_1-2_5951,P_1-2_2287,10.09999999999998
P_1-2_5951,P_1-3_2454,10.09999999999998
P_1-2_5951,P_1-3_1785,10.09999999999998
P_1-2_5951,P_1-2_3081,10.19999999999998
P_1-2_5951,P_1-2_4771,10.599999999999978
P_1-1-pt_2129,P_1-2_3488,15.59999999999996
P_1-1-pt_2129,P_1-1-pt_1700,20.200000000000017
P_1-1-pt_2129,P_1-2_1533,17.69999999999998
P_1-1-pt_2129,P_1-1-pt_5275,20.200000000000017
P_1-1-pt_2129,P_1-1-pt_1039,2540.9999999987845
P_1-3_4775,P_1-2_4634,42.00000000000033
P_1-3_4775,P_1-3_2410,32.40000000000019
P_1-3_4775,P_1-3_3253,31.500000000000178
P_1-3_4775,P_1-3_2018,20.000000000000014
P_1-3_4775,P_1-3_2633,30.000000000000156
P_1-3_4775,P_1-2_5210,20.200000000000017
P_1-3_4775,P_1-2_573,20.200000000000017
P_1-3_4775,P_1-3_4954,20.100000000000016
P_1-3_4775,P_1-3_4875,144.79999999999606
P_1-3_4775,P_1-3_3410,40.400000000000304
P_1-1-pt_7760,P_1-3_4168,6.5999999999999925
P_1-1-pt_7760,P_1-1-pt_7080,10.19999999999998
P_1-1-pt_7760,P_1-1-veh_792,3.800000000000002
P_1-1-pt_7760,P_1-1-pt_776,11.299999999999976
P_1-1-pt_7760,P_1-1-pt_6273,10.499999999999979
P_1-1-pt_7760,P_1-3_3494,21.600000000000037
P_1-1-pt_7760,P_1-1-pt_5897,10.799999999999978
P_1-1-pt_4715,P_1-2_1066,3.700000000000002
P_1-1-pt_1039,P_1-2_3488,15.499999999999961
P_1-1-pt_1039,P_1-1-pt_1700,20.200000000000017
P_1-1-pt_1039,P_1-1-pt_2129,2540.9999999987845
P_1-1-pt_1039,P_1-1-pt_5275,20.200000000000017
P_1-2_2598,P_1-1-pt_2032,6.499999999999993
P_1-1-pt_3275,P_1-1-pt_494,7.599999999999989
P_1-1-pt_3275,P_1-1-pt_2162,7.699999999999989
P_1-1-pt_3275,P_1-1-pt_5897,11.099999999999977
P_1-1-pt_3275,P_1-1-pt_4671,10.899999999999977
P_1-1-pt_3275,P_1-1-pt_1270,10.399999999999979
P_1-1-pt_3275,P_1-1-pt_4919,10.599999999999978
P_1-1-pt_3275,P_1-1-pt_1304,10.599999999999978
P_1-1-pt_3275,P_1-1-pt_7863,9.399999999999983
P_1-1-pt_3275,P_1-1-pt_5193,9.399999999999983
P_1-1-pt_3275,P_1-1-pt_7325,10.899999999999977
P_1-1-pt_3275,P_1-1-pt_8137,10.799999999999978
P_1-1-pt_3275,P_1-1-pt_8762,9.599999999999982
P_1-1-pt_3275,P_1-1-pt_1138,9.599999999999982
P_1-1-pt_3275,P_1-1-pt_1560,1491.2999999997392
P_1-1-pt_3275,P_1-1-pt_1966,10.999999999999977
P_1-1-pt_3275,P_1-1-pt_4595,11.999999999999973
P_1-1-pt_3275,P_1-1-pt_5906,11.199999999999976
P_1-1-pt_3275,P_1-1-pt_5942,10.499999999999979
P_1-2_3908,P_2-1_5435,149.69999999999578
P_1-2_3908,P_2-1_4331,149.79999999999578
P_1-2_3908,P_1-2_2229,149.79999999999578
P_1-2_3908,P_1-2_2030,139.59999999999636
P_1-2_3908,P_2-1_3376,145.699999999996
P_1-2_3908,P_2-1_6256,209.69999999999237
P_1-2_3908,P_1-2_4607,139.99999999999633
P_1-2_3908,P_1-1-pt_7104,105.59999999999827
P_1-2_3908,P_1-2_4886,138.5999999999964
P_1-2_4940,P_1-1-pt_6453,16.19999999999996
P_1-1-pt_2032,P_1-1-pt_7938,10.499999999999979
P_1-1-pt_2032,P_1-1-pt_498,10.09999999999998
P_1-1-pt_2032,P_1-2_609,7.799999999999988
P_1-1-pt_2032,P_1-2_2598,6.499999999999993
P_2-1_3764,P_1-1-pt_494,9.799999999999981
P_2-1_3764,P_1-1-pt_2162,9.699999999999982
P_1-1-pt_2431,P_1-2_4329,10.599999999999978
P_1-1-pt_2431,P_1-1-pt_5139,10.09999999999998
P_1-1-pt_2431,P_1-1-pt_1006,10.19999999999998
P_1-1-pt_2431,P_1-1-pt_1167,8.599999999999985
P_1-1-pt_2431,P_1-1-pt_3931,17.899999999999984
P_1-1-pt_2431,P_1-3_1604,17.69999999999998
P_1-1-pt_2431,P_2-1_6236,10.399999999999979
P_1-1-pt_7763,P_1-1-pt_6273,7.499999999999989
P_1-1-pt_7763,P_1-1-pt_7142,8.699999999999985
P_1-1-pt_2863,P_1-1-pt_7938,9.99999999999998
P_1-1-pt_2863,P_1-1-pt_3931,10.09999999999998
P_1-1-pt_2863,P_1-1-pt_8969,10.09999999999998
P_1-3_80,P_2-1_2987,10.09999999999998
P_1-1-pt_1238,P_1-1-pt_6297,12.599999999999971
P_1-1-pt_1238,P_1-1-pt_6031,10.999999999999977
P_1-1-pt_1238,P_1-1-pt_255,10.899999999999977
P_1-1-pt_1238,P_1-1-pt_1108,10.899999999999977
P_1-1-pt_1238,P_1-1-pt_494,10.799999999999978
P_1-1-pt_1238,P_1-1-pt_2162,10.599999999999978
P_1-1-pt_1238,P_1-1-pt_5897,10.799999999999978
P_1-1-pt_1238,P_1-1-pt_3769,10.699999999999978
P_1-1-pt_1238,P_1-1-pt_4671,10.799999999999978
P_1-1-pt_1238,P_1-1-pt_1270,10.899999999999977
P_1-1-pt_1238,P_1-1-pt_4919,10.499999999999979
P_1-1-pt_1238,P_1-1-pt_1304,10.699999999999978
P_1-1-pt_1238,P_1-1-pt_8545,10.799999999999978
P_1-1-pt_1238,P_1-2_2702,17.199999999999974
P_1-1-veh_246,P_1-1-pt_1173,18.499999999999993
P_1-1-pt_7142,P_1-1-pt_6538,175.5999999999943
P_1-1-pt_7142,P_1-1-pt_1226,14.899999999999963
P_1-1-pt_7142,P_1-1-veh_65,9.099999999999984
P_1-1-pt_7142,P_1-2_2715,8.399999999999986
P_1-1-pt_7142,P_1-1-pt_7763,8.699999999999985
P_1-1-pt_8762,P_1-1-pt_1298,10.999999999999977
P_1-1-pt_8762,P_1-1-pt_3571,9.399999999999983
P_1-1-pt_8762,P_1-1-pt_1138,2030.9999999992483
P_1-1-pt_8762,P_1-1-pt_3275,9.599999999999982
P_1-1-pt_8762,P_1-1-pt_1560,9.599999999999982
P_1-1-pt_8762,P_1-1-pt_1966,9.199999999999983
P_1-1-pt_8762,P_1-1-pt_4595,10.699999999999978
P_1-1-pt_8762,P_1-1-pt_5392,19.300000000000004
P_1-1-pt_5275,P_1-2_3488,15.499999999999961
P_1-1-pt_5275,P_1-1-pt_1700,20.100000000000016
P_1-1-pt_5275,P_1-1-pt_2129,20.200000000000017
P_1-1-pt_5275,P_1-1-pt_1039,20.200000000000017
P_1-1-pt_1173,P_1-1-veh_246,18.499999999999993
P_1-1-pt_1173,P_1-2_3608,15.099999999999962
P_1-1-pt_6176,P_1-1-pt_5906,11.599999999999975
P_1-1-pt_6176,P_1-1-pt_3916,11.899999999999974
P_1-1-pt_6176,P_1-3_4690,3.900000000000002
P_1-1-pt_6176,P_1-1-pt_7573,9.399999999999983
P_1-1-pt_6176,P_1-1-pt_297,11.199999999999976
P_1-1-pt_6176,P_1-1-pt_4996,10.899999999999977
P_1-2_2422,P_1-3_2076,8.499999999999986
P_1-2_3052,P_1-1-pt_527,10.399999999999979
P_1-2_3052,P_1-2_4208,9.99999999999998
P_1-2_3052,P_1-3_3755,10.09999999999998
P_1-2_1420,P_1-2_4734,40.60000000000031
P_1-2_1420,P_1-2_4206,40.80000000000031
P_1-2_1420,P_1-3_1500,40.80000000000031
P_1-2_1420,P_1-3_3901,40.80000000000031
P_1-2_1420,P_1-3_3776,40.90000000000031
P_1-2_1420,P_2-1_2161,40.60000000000031
P_1-2_1420,P_1-3_874,20.30000000000002
P_1-2_1420,P_1-3_2454,20.40000000000002
P_1-2_1420,P_1-3_3834,20.30000000000002
P_1-2_1420,P_1-2_3280,10.19999999999998
P_1-2_1420,P_1-3_3046,10.19999999999998
P_1-2_1420,P_1-3_3457,10.19999999999998
P_1-2_1420,P_1-3_4168,10.19999999999998
P_1-2_1420,P_1-3_2053,10.09999999999998
P_1-2_1420,P_1-3_228,32.9000000000002
P_1-1-pt_6743,P_1-1-pt_521,30.400000000000162
P_1-1-pt_6743,P_1-1-pt_8280,31.200000000000173
P_1-1-pt_6743,P_1-1-pt_4262,9.99999999999998
P_1-1-pt_6743,P_1-1-pt_3207,32.9000000000002
P_1-1-pt_6743,P_1-1-pt_3858,15.299999999999962
P_1-1-pt_6743,P_1-1-pt_2369,125.99999999999712
P_1-1-pt_6743,P_1-1-pt_4879,9.299999999999983
P_1-1-pt_6743,P_1-1-pt_1747,22.000000000000043
P_1-1-pt_6743,P_1-1-pt_5167,28.500000000000135
P_1-1-pt_6743,P_1-1-pt_98,10.499999999999979
P_1-1-pt_6743,P_1-1-pt_3671,21.20000000000003
P_1-1-pt_6743,P_1-1-pt_2880,10.19999999999998
P_1-1-pt_6743,P_1-1-veh_610,8.399999999999986
P_1-1-pt_6743,P_1-1-veh_767,7.799999999999988
P_1-1-pt_6743,P_1-1-pt_571,9.89999999999998
P_1-1-pt_6743,P_1-1-pt_3230,9.89999999999998
P_1-1-pt_5199,P_1-1-pt_4996,20.40000000000002
P_1-1-pt_5199,P_1-1-pt_3386,10.799999999999978
P_1-1-pt_5199,P_1-1-pt_3067,20.30000000000002
P_1-1-pt_5199,P_1-1-veh_767,9.299999999999983
P_1-1-pt_5199,P_1-1-pt_776,12.399999999999972
P_1-1-pt_5199,P_1-1-pt_1226,10.799999999999978
P_1-1-pt_5199,P_1-1-pt_6931,10.699999999999978
P_1-1-pt_5199,P_1-1-pt_6031,12.599999999999971
P_1-1-pt_5199,P_1-1-pt_6413,11.299999999999976
P_1-1-pt_5199,P_1-1-pt_1296,11.699999999999974
P_1-1-pt_1296,P_1-2_1017,3.600000000000002
P_1-1-pt_1296,P_1-1-pt_2834,11.799999999999974
P_1-1-pt_1296,P_1-1-pt_5199,11.699999999999974
P_1-1-pt_1296,P_1-1-pt_3097,11.599999999999975
P_1-1-pt_1296,P_1-1-pt_761,11.299999999999976
P_1-1-pt_1296,P_1-1-pt_5666,17.49999999999998
P_1-1-pt_1296,P_1-1-pt_1473,11.299999999999976
P_1-2_2554,P_1-3_3579,6.5999999999999925
P_1-1-pt_1298,P_1-1-pt_4671,9.399999999999983
P_1-1-pt_1298,P_1-1-pt_8762,10.999999999999977
P_1-1-pt_1298,P_1-1-pt_1798,9.499999999999982
P_1-3_3132,P_1-2_1805,9.99999999999998
P_1-1-pt_1966,P_1-1-pt_6031,10.799999999999978
P_1-1-pt_1966,P_1-1-pt_255,10.799999999999978
P_1-1-pt_1966,P_1-1-pt_1108,10.499999999999979
P_1-1-pt_1966,P_1-1-pt_494,10.899999999999977
P_1-1-pt_1966,P_1-1-pt_2162,10.799999999999978
P_1-1-pt_1966,P_1-1-pt_5897,10.799999999999978
P_1-1-pt_1966,P_1-1-pt_1304,10.599999999999978
P_1-1-pt_1966,P_1-1-pt_4671,10.899999999999977
P_1-1-pt_1966,P_1-1-pt_1270,9.299999999999983
P_1-1-pt_1966,P_1-1-pt_4919,10.799999999999978
P_1-1-pt_1966,P_1-1-pt_7863,10.799999999999978
P_1-1-pt_1966,P_1-1-pt_5193,10.799999999999978
P_1-1-pt_1966,P_1-1-pt_7325,10.999999999999977
P_1-1-pt_1966,P_1-1-pt_8137,10.599999999999978
P_1-1-pt_1966,P_1-1-pt_8762,9.199999999999983
P_1-1-pt_1966,P_1-1-pt_1138,9.499999999999982
P_1-1-pt_1966,P_1-1-pt_3275,10.999999999999977
P_1-1-pt_4736,P_1-1-pt_3207,22.100000000000044
P_1-1-pt_4736,P_1-1-pt_2369,42.80000000000034
P_1-1-pt_4736,P_1-1-pt_1747,33.3000000000002
P_1-1-pt_4736,P_1-1-pt_2880,13.799999999999967
P_1-1-pt_4736,P_1-1-pt_6974,20.40000000000002
P_1-1-pt_4736,P_1-1-pt_5167,33.2000000000002
P_1-1-pt_4736,P_1-1-pt_3858,19.1
P_1-1-pt_4736,P_1-1-pt_3671,28.90000000000014
P_1-1-pt_4736,P_1-1-pt_1497,26.1000000000001
P_1-1-pt_4736,P_1-2_250,7.699999999999989
P_1-1-pt_4736,P_1-1-pt_98,11.199999999999976
P_1-1-pt_4736,P_1-1-pt_2920,10.09999999999998
P_1-1-pt_4736,P_1-1-pt_3230,12.299999999999972
P_1-1-pt_4736,P_1-1-pt_8728,8.299999999999986
P_1-1-pt_4736,P_1-1-pt_8280,11.599999999999975
P_1-1-pt_4736,P_1-1-pt_571,12.199999999999973
P_1-1-pt_4736,P_1-1-pt_7208,12.299999999999972
P_1-3_5354,P_1-3_2076,19.900000000000013
P_1-3_5354,P_2-1_4930,9.199999999999983
P_1-3_5354,P_1-3_4587,10.09999999999998
P_1-3_5354,P_1-2_5092,0.8999999999999999
P_1-3_5354,P_1-3_2180,10.09999999999998
P_2-1_2136,P_1-1-pt_2529,7.899999999999988
P_2-1_2136,P_1-1-pt_6297,9.099999999999984
P_1-1-pt_6538,P_1-1-veh_234,7.799999999999988
P_1-1-pt_6538,P_1-1-pt_7142,175.5999999999943
P_1-1-pt_6538,P_1-1-pt_5078,8.499999999999986
P_1-1-pt_6538,P_1-1-pt_761,8.699999999999985
P_1-1-pt_5193,P_1-1-pt_3275,9.399999999999983
P_1-1-pt_5193,P_1-1-pt_1560,9.299999999999983
P_1-1-pt_5193,P_1-1-pt_1966,10.799999999999978
P_1-1-pt_5193,P_1-1-pt_5906,10.699999999999978
P_1-1-pt_5193,P_1-1-pt_1226,10.399999999999979
P_1-1-pt_5193,P_1-1-pt_3624,10.19999999999998
P_1-1-pt_5193,P_1-1-veh_792,1.0999999999999999
P_1-1-pt_5193,P_1-1-pt_6453,10.19999999999998
P_1-1-pt_5193,P_1-1-pt_8545,1835.8999999994257
P_1-3_4666,P_1-2_4791,8.499999999999986
P_1-1-veh_407,P_1-1-pt_6516,7.799999999999988
P_1-3_3793,P_1-3_870,10.09999999999998
P_1-3_3793,P_1-3_2278,8.599999999999985
P_1-2_4098,P_1-2_3716,10.699999999999978
P_1-1-pt_6292,P_1-2_5428,1122.9000000000742
P_1-3_1027,P_1-1-pt_5139,7.599999999999989
P_1-2_1533,P_1-2_4791,9.099999999999984
P_1-2_1533,P_1-3_5578,8.199999999999987
P_1-2_1533,P_1-3_635,8.199999999999987
P_1-2_1533,P_1-1-pt_2129,17.69999999999998
P_1-3_228,P_1-2_4734,40.60000000000031
P_1-3_228,P_1-2_4206,40.80000000000031
P_1-3_228,P_1-3_1500,40.400000000000304
P_1-3_228,P_1-3_3901,40.60000000000031
P_1-3_228,P_1-3_3776,40.80000000000031
P_1-3_228,P_2-1_2161,40.60000000000031
P_1-3_228,P_1-3_874,20.30000000000002
P_1-3_228,P_1-3_2454,20.200000000000017
P_1-3_228,P_1-3_3834,20.30000000000002
P_1-3_228,P_1-2_3280,10.19999999999998
P_1-3_228,P_1-3_3046,10.19999999999998
P_1-3_228,P_1-3_3457,10.09999999999998
P_1-3_228,P_1-3_4168,10.19999999999998
P_1-3_228,P_1-3_2053,10.19999999999998
P_1-3_228,P_1-2_1420,32.9000000000002
P_1-2_5752,P_1-2_3821,123.59999999999725
P_1-2_5752,P_1-2_2580,123.59999999999725
P_1-2_5752,P_1-3_4738,123.29999999999727
P_1-2_5752,P_1-2_2797,113.29999999999784
P_1-2_5752,P_1-1-veh_837,113.29999999999784
P_1-2_5752,P_2-1_2028,77.0999999999999
P_1-2_5752,P_1-2_3464,113.29999999999784
P_1-1-pt_2425,P_1-1-pt_1601,10.09999999999998
P_1-1-pt_2425,P_1-2_1285,839.4000000001223
P_1-1-pt_2425,P_2-1_2911,1037.5000000001519
P_1-3_990,P_1-2_1017,4.699999999999999
P_1-3_990,P_1-2_2543,19.60000000000001
P_1-1-pt_1167,P_1-1-pt_2431,8.599999999999985
P_1-1-pt_5241,P_1-2_568,1564.2999999996728
P_1-1-pt_5241,P_1-2_3693,5.899999999999995
P_1-1-veh_152,P_1-1-pt_4262,3.700000000000002
P_1-3_874,P_1-1-pt_560,97.9999999999987
P_1-3_874,P_1-2_4734,20.40000000000002
P_1-3_874,P_1-2_4206,20.40000000000002
P_1-3_874,P_1-3_1500,20.200000000000017
P_1-3_874,P_1-3_3901,20.30000000000002
P_1-3_874,P_1-2_1420,20.30000000000002
P_1-3_874,P_1-3_228,20.30000000000002
P_1-3_874,P_1-3_3776,30.500000000000163
P_1-3_874,P_2-1_2161,30.400000000000162
P_1-3_874,P_1-3_2454,10.19999999999998
P_1-3_874,P_1-3_3834,20.30000000000002
P_1-1-pt_5897,P_1-1-pt_3275,11.099999999999977
P_1-1-pt_5897,P_1-1-pt_1560,11.299999999999976
P_1-1-pt_5897,P_1-1-pt_1966,10.799999999999978
P_1-1-pt_5897,P_1-1-pt_5906,10.499999999999979
P_1-1-pt_5897,P_1-1-pt_1238,10.799999999999978
P_1-1-pt_5897,P_1-1-pt_3916,10.699999999999978
P_1-1-pt_5897,P_1-1-pt_1226,10.699999999999978
P_1-1-pt_5897,P_1-1-pt_3409,10.09999999999998
P_1-1-pt_5897,P_1-1-pt_3624,9.99999999999998
P_1-1-pt_5897,P_1-1-pt_1473,10.799999999999978
P_1-1-pt_5897,P_1-1-pt_6297,10.999999999999977
P_1-1-pt_5897,P_1-1-pt_3769,2221.699999999075
P_1-1-pt_5897,P_1-1-pt_7760,10.799999999999978
P_1-3_5451,P_1-1-pt_8085,9.199999999999983
P_1-3_5451,P_1-1-pt_1601,7.999999999999988
P_2-1_3664,P_1-2_2215,6.199999999999994
P_2-1_3664,P_1-3_2180,10.599999999999978
P_2-1_2925,P_1-1-pt_1329,2.1000000000000005
P_2-1_2925,P_1-1-pt_4879,3.700000000000002
P_2-1_2925,P_1-1-pt_6453,9.99999999999998
P_2-1_2925,P_1-1-pt_494,9.699999999999982
P_2-1_2925,P_1-1-pt_2162,9.599999999999982
P_1-1-pt_3671,P_1-1-pt_5167,235.99999999999088
P_1-1-pt_3671,P_1-1-pt_1747,216.89999999999196
P_1-1-pt_3671,P_1-1-pt_4262,11.199999999999976
P_1-1-pt_3671,P_1-1-pt_98,114.79999999999775
P_1-1-pt_3671,P_1-1-pt_6974,226.5999999999914
P_1-1-pt_3671,P_1-1-pt_3207,56.90000000000054
P_1-1-pt_3671,P_1-1-pt_1497,62.200000000000614
P_1-1-pt_3671,P_1-1-pt_6743,21.20000000000003
P_1-1-pt_3671,P_1-1-pt_3858,63.30000000000063
P_1-1-pt_3671,P_1-1-pt_4736,28.90000000000014
P_1-1-pt_3671,P_1-1-pt_521,44.700000000000365
P_1-1-pt_3671,P_1-1-pt_2880,22.800000000000054
P_1-1-pt_3671,P_1-1-pt_2920,9.699999999999982
P_1-1-pt_3671,P_1-1-pt_7573,10.999999999999977
P_1-1-pt_3671,P_1-1-pt_2013,10.899999999999977
P_1-1-pt_8611,P_1-2_4249,9.699999999999982
P_1-1-pt_8611,P_1-3_2424,7.999999999999988
P_1-3_3076,P_1-3_743,20.100000000000016
P_1-3_3076,P_1-1-pt_1723,3.700000000000002
P_1-3_3076,P_1-3_2599,10.09999999999998
P_1-3_3076,P_1-2_5745,10.09999999999998
P_1-3_3076,P_1-1-pt_8289,7.799999999999988
P_1-3_3076,P_1-1-pt_182,7.799999999999988
P_1-3_3076,P_1-3_4289,10.09999999999998
P_1-3_3076,P_1-2_5753,10.09999999999998
P_1-3_3076,P_1-2_4266,9.99999999999998
P_1-3_3076,P_1-1-pt_8735,7.799999999999988
P_1-1-pt_8068,P_1-3_5578,6.099999999999994
P_1-1-pt_8068,P_1-1-pt_6031,23.20000000000006
P_2-1_3058,P_1-3_2180,10.399999999999979
P_2-1_1463,P_1-2_4853,10.29999999999998
P_2-1_1463,P_2-1_6130,10.699999999999978
P_1-3_2076,P_1-3_5354,19.900000000000013
P_1-3_2076,P_1-3_4587,9.99999999999998
P_1-3_2076,P_1-2_3378,0.30000000000000004
P_1-3_2076,P_1-2_3077,0.2
P_1-3_2076,P_1-3_2180,9.99999999999998
P_1-3_2076,P_1-2_2422,8.499999999999986
P_1-3_2076,P_1-2_5092,2.0000000000000004
P_1-3_5020,P_1-1-pt_2342,3.600000000000002
P_1-3_5020,P_1-3_4291,20.30000000000002
P_1-3_5020,P_1-2_2215,20.40000000000002
P_1-1-pt_6516,P_1-2_829,7.799999999999988
P_1-1-pt_6516,P_1-1-veh_407,7.799999999999988
P_1-2_505,P_1-1-pt_4901,38.10000000000027
P_1-3_2985,P_1-1-pt_7732,3.600000000000002
P_1-3_2985,P_1-2_3386,0.6
P_1-3_2985,P_1-2_3575,7.799999999999988
P_2-1_3944,P_1-2_4388,20.30000000000002
P_1-1-pt_8280,P_1-1-pt_2369,10.399999999999979
P_1-1-pt_8280,P_1-1-pt_6743,31.200000000000173
P_1-1-pt_8280,P_1-1-pt_2880,31.60000000000018
P_1-1-pt_8280,P_1-1-pt_3207,43.10000000000034
P_1-1-pt_8280,P_1-1-pt_571,22.100000000000044
P_1-1-pt_8280,P_1-1-pt_3230,22.50000000000005
P_1-1-pt_8280,P_1-1-pt_521,43.60000000000035
P_1-1-pt_8280,P_1-1-pt_5666,19.80000000000001
P_1-1-pt_8280,P_1-1-pt_4736,11.599999999999975
P_1-1-pt_8280,P_1-1-veh_610,3.600000000000002
P_1-1-pt_8280,P_1-1-veh_767,3.4000000000000017
P_1-2_5020,P_1-3_4587,0.30000000000000004
P_1-2_5020,P_1-2_3378,20.200000000000017
P_1-2_5020,P_1-2_3077,20.200000000000017
P_1-2_5020,P_1-2_5092,10.09999999999998
P_1-2_5020,P_1-2_5927,9.299999999999983
P_1-2_5020,P_1-2_3214,8.299999999999986
P_1-1-pt_6381,P_1-1-pt_7277,10.19999999999998
P_1-1-pt_6381,P_2-1_2293,9.099999999999984
P_1-1-pt_6381,P_1-1-pt_1669,8.799999999999985
P_1-2_3464,P_1-2_2580,122.39999999999732
P_1-2_3464,P_1-3_4738,122.7999999999973
P_1-2_3464,P_1-2_2797,113.19999999999784
P_1-2_3464,P_1-1-veh_837,113.29999999999784
P_1-2_3464,P_2-1_2028,71.8000000000002
P_1-2_3464,P_1-2_3821,123.59999999999725
P_1-2_3464,P_1-2_5752,113.29999999999784
P_1-1-pt_3097,P_1-1-pt_4996,19.900000000000013
P_1-1-pt_3097,P_1-1-pt_3386,9.199999999999983
P_1-1-pt_3097,P_1-1-pt_3067,20.800000000000026
P_1-1-pt_3097,P_1-1-pt_3916,11.099999999999977
P_1-1-pt_3097,P_1-1-pt_255,10.699999999999978
P_1-1-pt_3097,P_1-1-pt_6413,11.299999999999976
P_1-1-pt_3097,P_1-1-pt_1296,11.599999999999975
P_1-1-pt_3097,P_1-1-pt_2834,9.699999999999982
P_1-1-pt_3097,P_1-3_2221,33.400000000000205
P_1-1-pt_1306,P_1-2_3413,382.1000000000184
P_1-1-pt_1306,P_1-2_4208,17.299999999999976
P_1-1-pt_1306,P_1-3_3755,19.900000000000013
P_1-1-pt_1306,P_1-1-pt_6368,27.800000000000125
P_2-1_1609,P_1-2_5369,40.0000000000003
P_1-1-pt_8968,P_1-1-pt_2961,22.900000000000055
P_1-2_3590,P_1-1-pt_3931,5.1999999999999975
P_1-2_3590,P_1-1-pt_3353,7.19999999999999
P_1-1-pt_1420,P_1-1-pt_4262,10.599999999999978
P_1-1-pt_1420,P_1-1-pt_8247,807.100000000115
P_1-1-pt_1420,P_1-2_2795,13.599999999999968
P_1-1-pt_4645,P_1-2_593,15.499999999999961
P_1-1-pt_4645,P_1-2_5943,5.099999999999998
P_1-2_4962,P_1-1-pt_527,1907.5999999993605
P_1-2_3708,P_1-2_168,10.09999999999998
P_1-1-pt_6358,P_2-1_4232,3.600000000000002
P_1-1-pt_5666,P_1-1-pt_571,19.80000000000001
P_1-1-pt_5666,P_1-1-pt_3230,19.60000000000001
P_1-1-pt_5666,P_1-1-pt_8280,19.80000000000001
P_1-1-pt_5666,P_1-1-pt_521,20.40000000000002
P_1-1-pt_5666,P_1-1-pt_3207,325.4000000000055
P_1-1-pt_5666,P_1-1-pt_4879,21.400000000000034
P_1-1-pt_5666,P_1-1-pt_2920,10.399999999999979
P_1-1-pt_5666,P_1-1-veh_610,7.899999999999988
P_1-1-pt_5666,P_1-1-veh_767,7.799999999999988
P_1-1-pt_5666,P_1-1-pt_1296,17.49999999999998
P_1-1-pt_182,P_1-3_743,15.499999999999961
P_1-1-pt_182,P_1-1-pt_1723,20.30000000000002
P_1-1-pt_182,P_1-3_2599,7.699999999999989
P_1-1-pt_182,P_1-2_5745,7.799999999999988
P_1-1-pt_182,P_1-1-pt_8289,10.09999999999998
P_1-1-pt_182,P_1-1-pt_8735,10.19999999999998
P_1-1-pt_182,P_1-2_4266,6.5999999999999925
P_1-1-pt_182,P_1-3_3076,7.799999999999988
P_1-1-pt_182,P_1-2_5753,7.799999999999988
P_1-1-pt_182,P_1-3_4289,7.799999999999988
P_1-1-pt_182,P_1-1-veh_834,7.799999999999988
P_1-2_1025,P_1-3_2482,10.699999999999978
P_1-1-pt_2920,P_1-1-pt_3207,10.899999999999977
P_1-1-pt_2920,P_1-1-pt_521,10.699999999999978
P_1-1-pt_2920,P_1-1-pt_5666,10.399999999999979
P_1-1-pt_2920,P_1-1-pt_4736,10.09999999999998
P_1-1-pt_2920,P_1-1-pt_6974,32.000000000000185
P_1-1-pt_2920,P_1-1-pt_5167,10.599999999999978
P_1-1-pt_2920,P_1-1-pt_1747,10.19999999999998
P_1-1-pt_2920,P_1-1-pt_98,10.999999999999977
P_1-1-pt_2920,P_1-1-pt_3671,9.699999999999982
P_1-1-pt_2920,P_1-1-pt_1497,10.19999999999998
P_1-1-pt_2920,P_1-1-pt_6673,10.09999999999998
P_1-2_2335,P_1-3_283,103.09999999999842
P_1-2_4607,P_1-2_2229,138.8999999999964
P_1-2_4607,P_1-2_2030,139.39999999999637
P_1-2_4607,P_2-1_3376,139.29999999999637
P_1-2_4607,P_2-1_6256,139.59999999999636
P_1-2_4607,P_1-2_3908,139.99999999999633
P_1-2_4607,P_1-1-pt_7104,99.8999999999986
P_1-2_4607,P_1-2_4886,128.69999999999698
P_1-2_4607,P_2-1_5435,139.49999999999636
P_1-2_4607,P_2-1_4331,970.100000000152
P_1-1-pt_2834,P_1-1-pt_4996,29.000000000000142
P_1-1-pt_2834,P_1-1-pt_3386,9.699999999999982
P_1-1-pt_2834,P_1-1-pt_3067,9.099999999999984
P_1-1-pt_2834,P_1-1-pt_1296,11.799999999999974
P_1-1-pt_2834,P_1-1-pt_3097,9.699999999999982
P_1-2_1805,P_1-3_3132,9.99999999999998
P_1-3_3776,P_1-2_4734,40.70000000000031
P_1-3_3776,P_1-2_4206,40.70000000000031
P_1-3_3776,P_1-3_1500,40.60000000000031
P_1-3_3776,P_1-3_3901,40.60000000000031
P_1-3_3776,P_1-2_1420,40.90000000000031
P_1-3_3776,P_1-3_228,40.80000000000031
P_1-3_3776,P_2-1_2161,30.600000000000165
P_1-3_3776,P_1-3_874,30.500000000000163
P_1-3_3776,P_1-3_2454,20.200000000000017
P_1-3_3776,P_1-2_3280,10.19999999999998
P_1-3_3776,P_1-3_3046,10.19999999999998
P_1-3_3776,P_1-3_3457,10.19999999999998
P_1-3_3776,P_1-3_4168,10.19999999999998
P_1-3_3776,P_1-3_2053,10.19999999999998
P_1-3_3776,P_1-3_3834,30.500000000000163
P_1-3_4124,P_1-2_4285,10.399999999999979
P_1-3_4124,P_1-3_2421,20.200000000000017
P_1-3_2599,P_1-1-pt_498,3.700000000000002
P_1-3_2599,P_1-1-pt_1723,3.700000000000002
P_1-3_2599,P_1-2_5753,10.09999999999998
P_1-3_2599,P_1-1-pt_8289,7.799999999999988
P_1-3_2599,P_1-1-veh_834,10.09999999999998
P_1-3_2599,P_1-3_743,20.30000000000002
P_1-3_2599,P_1-1-pt_8735,15.399999999999961
P_1-3_2599,P_1-2_4266,20.100000000000016
P_1-3_2599,P_1-3_3076,10.09999999999998
P_1-3_2599,P_1-1-pt_182,7.699999999999989
P_1-3_2599,P_1-3_4289,10.09999999999998
P_1-3_2599,P_1-2_5745,20.600000000000023
P_1-2_5745,P_1-1-pt_498,3.600000000000002
P_1-2_5745,P_1-1-pt_1723,3.600000000000002
P_1-2_5745,P_1-1-pt_8289,7.799999999999988
P_1-2_5745,P_1-1-veh_834,10.09999999999998
P_1-2_5745,P_1-3_743,20.200000000000017
P_1-2_5745,P_1-1-pt_8735,15.59999999999996
P_1-2_5745,P_1-2_4266,20.30000000000002
P_1-2_5745,P_1-3_3076,10.09999999999998
P_1-2_5745,P_1-2_5753,10.19999999999998
P_1-2_5745,P_1-1-pt_182,7.799999999999988
P_1-2_5745,P_1-3_4289,10.19999999999998
P_1-2_5745,P_1-3_2599,20.600000000000023
P_1-2_5745,P_1-2_609,19.200000000000003
P_1-1-pt_2961,P_1-1-pt_3176,11.599999999999975
P_1-1-pt_2961,P_1-1-pt_8968,22.900000000000055
P_1-2_2702,P_1-1-pt_1238,17.199999999999974
P_2-1_2384,P_1-1-pt_7573,4.999999999999998
P_2-1_2384,P_1-1-pt_4901,13.999999999999966
P_1-1-pt_2013,P_1-1-pt_98,99.29999999999863
P_1-1-pt_2013,P_1-1-pt_4879,210.09999999999235
P_1-1-pt_2013,P_1-1-pt_3858,9.199999999999983
P_1-1-pt_2013,P_1-1-pt_297,15.199999999999962
P_1-1-pt_2013,P_1-1-pt_7573,17.299999999999976
P_1-1-pt_2013,P_1-1-pt_3207,10.399999999999979
P_1-1-pt_2013,P_1-1-pt_2369,8.599999999999985
P_1-1-pt_2013,P_1-1-pt_521,12.99999999999997
P_1-1-pt_2013,P_1-1-pt_3671,10.899999999999977
P_1-1-pt_2013,P_1-1-pt_1497,11.699999999999974
P_1-1-pt_2013,P_1-1-pt_5167,36.40000000000025
P_1-1-pt_2013,P_1-1-pt_1747,9.89999999999998
P_1-3_4875,P_1-3_4954,10.09999999999998
P_1-3_4875,P_1-2_5640,10.09999999999998
P_1-3_4875,P_1-2_4634,61.0000000000006
P_1-3_4875,P_1-3_4775,144.79999999999606
P_1-3_4875,P_1-3_2410,20.30000000000002
P_1-3_4875,P_1-3_3253,27.300000000000118
P_1-3_4875,P_1-3_2018,20.000000000000014
P_1-3_4875,P_1-3_2633,22.60000000000005
P_1-3_4875,P_1-2_5210,18.29999999999999
P_1-3_4875,P_1-2_573,12.099999999999973
P_1-3_4875,P_1-3_3410,120.69999999999742
P_1-1-pt_98,P_1-1-pt_5167,116.29999999999767
P_1-1-pt_98,P_1-1-pt_1747,113.19999999999784
P_1-1-pt_98,P_1-1-pt_3671,114.79999999999775
P_1-1-pt_98,P_1-1-pt_3207,482.20000000004114
P_1-1-pt_98,P_1-1-pt_2013,99.29999999999863
P_1-1-pt_98,P_1-1-pt_6974,334.8000000000076
P_1-1-pt_98,P_1-1-pt_1497,29.300000000000146
P_1-1-pt_98,P_1-1-pt_6743,10.499999999999979
P_1-1-pt_98,P_1-1-pt_3858,57.00000000000054
P_1-1-pt_98,P_1-1-pt_2880,23.000000000000057
P_1-1-pt_98,P_1-1-pt_521,483.10000000004135
P_1-1-pt_98,P_1-1-pt_4736,11.199999999999976
P_1-1-pt_98,P_1-1-pt_2920,10.999999999999977
P_1-1-pt_98,P_1-1-pt_7915,255.79999999998975
P_1-3_3579,P_1-2_4464,8.099999999999987
P_1-3_3579,P_1-2_2554,6.5999999999999925
P_1-3_3579,P_1-1-pt_0,20.40000000000002
P_1-3_3579,P_1-3_17,4.6
P_1-1-pt_527,P_1-2_3052,10.399999999999979
P_1-1-pt_527,P_1-2_4962,1907.5999999993605
P_1-2_5428,P_1-1-pt_6292,1122.9000000000742
P_1-1-pt_297,P_1-1-pt_3916,11.499999999999975
P_1-1-pt_297,P_1-1-pt_2013,15.199999999999962
P_1-1-pt_297,P_1-1-pt_7573,76.69999999999992
P_1-1-pt_297,P_1-2_4483,28.20000000000013
P_1-1-pt_297,P_1-1-pt_6176,11.199999999999976
P_1-1-pt_297,P_1-1-pt_4996,237.69999999999078
P_1-2_2797,P_1-3_4738,122.99999999999729
P_1-2_2797,P_1-2_5752,113.29999999999784
P_1-2_2797,P_1-2_3464,113.19999999999784
P_1-2_2797,P_1-1-veh_837,113.09999999999785
P_1-2_2797,P_2-1_2028,61.600000000000605
P_1-2_2797,P_1-2_2580,145.29999999999603
P_1-2_2797,P_1-2_3821,136.19999999999655
P_1-2_2715,P_1-1-pt_7142,8.399999999999986
P_1-2_2715,P_1-1-pt_150,9.99999999999998
P_1-2_2715,P_2-1_3119,7.999999999999988
P_1-3_1140,P_1-1-pt_841,15.69999999999996
P_1-3_1140,P_1-1-pt_1601,6.299999999999994
P_1-1-pt_6413,P_1-1-pt_3409,10.09999999999998
P_1-1-pt_6413,P_1-1-pt_5199,11.299999999999976
P_1-1-pt_6413,P_1-1-pt_3097,11.299999999999976
P_1-1-pt_6413,P_2-1_63,9.89999999999998
P_1-1-pt_6413,P_1-2_1612,9.89999999999998
P_1-1-pt_6413,P_1-1-pt_6453,10.19999999999998
P_1-1-pt_6413,P_1-3_3245,3.700000000000002
P_1-1-pt_6413,P_1-1-pt_2162,11.399999999999975
P_1-1-pt_6413,P_2-1_5419,69.40000000000033
P_1-2_6013,P_1-1-pt_7573,3.700000000000002
P_1-1-pt_8682,P_1-1-veh_234,15.79999999999996
P_1-1-pt_8682,P_1-1-pt_5078,8.799999999999985
P_1-1-pt_8682,P_1-1-pt_4901,10.19999999999998
P_1-1-pt_8682,P_1-1-pt_4966,10.399999999999979
P_1-1-pt_8682,P_1-2_1596,7.899999999999988
P_1-1-pt_8682,P_1-1-pt_7080,11.299999999999976
P_1-1-pt_8682,P_1-2_3389,7.799999999999988
P_2-1_4232,P_2-1_4930,10.599999999999978
P_2-1_4232,P_1-1-pt_6358,3.600000000000002
P_2-1_4811,P_1-3_2187,10.399999999999979
P_2-1_5799,P_1-1-pt_1601,7.099999999999991
P_1-1-pt_4966,P_1-3_3046,4.4
P_1-1-pt_4966,P_1-3_3457,5.4999999999999964
P_1-1-pt_4966,P_1-2_5951,3.800000000000002
P_1-1-pt_4966,P_1-3_4690,4.4
P_1-1-pt_4966,P_1-1-pt_8682,10.399999999999979
P_1-1-pt_1601,P_1-1-pt_7938,20.700000000000024
P_1-1-pt_1601,P_1-1-pt_2844,8.999999999999984
P_1-1-pt_1601,P_1-3_5550,7.999999999999988
P_1-1-pt_1601,P_2-1_5799,7.099999999999991
P_1-1-pt_1601,P_1-3_4492,7.799999999999988
P_1-1-pt_1601,P_1-3_2528,7.799999999999988
P_1-1-pt_1601,P_1-1-pt_2425,10.09999999999998
P_1-1-pt_1601,P_2-1_2911,6.8999999999999915
P_1-1-pt_1601,P_1-2_1285,5.1999999999999975
P_1-1-pt_1601,P_1-3_1140,6.299999999999994
P_1-1-pt_1601,P_1-3_5451,7.999999999999988
P_1-2_1596,P_1-1-veh_234,10.19999999999998
P_1-2_1596,P_1-1-pt_8682,7.899999999999988
P_1-1-pt_5997,P_1-3_1571,10.19999999999998
P_1-1-pt_5997,P_1-1-pt_394,1148.300000000051
P_2-1_5450,P_2-1_3136,51.000000000000455
P_1-1-pt_6453,P_1-1-pt_3409,10.09999999999998
P_1-1-pt_6453,P_2-1_2925,9.99999999999998
P_1-1-pt_6453,P_1-2_4940,16.19999999999996
P_1-1-pt_6453,P_1-1-pt_8728,10.399999999999979
P_1-1-pt_6453,P_1-1-pt_6413,10.19999999999998
P_1-1-pt_6453,P_1-1-pt_2162,10.29999999999998
P_1-1-pt_6453,P_1-1-pt_1270,10.09999999999998
P_1-1-pt_6453,P_1-1-pt_7863,10.09999999999998
P_1-1-pt_6453,P_1-1-pt_8545,10.399999999999979
P_1-1-pt_6453,P_1-1-pt_5193,10.19999999999998
P_1-1-pt_6453,P_1-1-pt_7325,9.89999999999998
P_1-1-pt_8085,P_1-3_5451,9.199999999999983
P_1-1-pt_8085,P_1-1-pt_841,1677.19999999957
P_1-3_403,P_1-1-pt_1121,16.89999999999997
P_1-3_403,P_1-3_528,17.099999999999973
P_1-1-pt_571,P_1-1-pt_3207,11.199999999999976
P_1-1-pt_571,P_1-1-pt_521,21.400000000000034
P_1-1-pt_571,P_1-1-pt_8280,22.100000000000044
P_1-1-pt_571,P_1-1-pt_2369,37.90000000000027
P_1-1-pt_571,P_1-1-pt_5666,19.80000000000001
P_1-1-pt_571,P_1-1-pt_8728,8.399999999999986
P_1-1-pt_571,P_1-1-pt_4736,12.199999999999973
P_1-1-pt_571,P_1-1-pt_7208,12.399999999999972
P_1-1-pt_571,P_1-1-pt_2880,9.799999999999981
P_1-1-pt_571,P_1-1-pt_6743,9.89999999999998
P_1-1-pt_571,P_1-1-pt_3230,1843.399999999419
P_1-2_3692,P_1-1-pt_5115,3.5000000000000018
P_1-1-pt_7863,P_1-1-pt_3275,9.399999999999983
P_1-1-pt_7863,P_1-1-pt_1560,10.599999999999978
P_1-1-pt_7863,P_1-1-pt_1966,10.799999999999978
P_1-1-pt_7863,P_1-1-pt_5906,10.899999999999977
P_1-1-pt_7863,P_1-1-pt_1226,10.799999999999978
P_1-1-pt_7863,P_1-1-pt_3624,10.29999999999998
P_1-1-pt_7863,P_1-1-veh_792,6.699999999999992
P_1-1-pt_7863,P_1-1-pt_6453,10.09999999999998
P_1-2_2034,P_1-1-pt_654,6.099999999999994
P_2-1_2045,P_1-2_2345,13.599999999999968
P_1-1-pt_3230,P_1-1-pt_3207,10.899999999999977
P_1-1-pt_3230,P_1-1-pt_521,21.70000000000004
P_1-1-pt_3230,P_1-1-pt_2369,33.1000000000002
P_1-1-pt_3230,P_1-1-pt_8280,22.50000000000005
P_1-1-pt_3230,P_1-1-pt_5666,19.60000000000001
P_1-1-pt_3230,P_1-1-pt_4736,12.299999999999972
P_1-1-pt_3230,P_1-1-pt_8728,8.299999999999986
P_1-1-pt_3230,P_1-1-pt_7208,11.999999999999973
P_1-1-pt_3230,P_1-1-pt_2880,9.699999999999982
P_1-1-pt_3230,P_1-1-pt_6743,9.89999999999998
P_1-1-pt_3230,P_1-1-pt_571,1843.399999999419
P_1-3_3253,P_1-2_4634,40.2000000000003
P_1-3_3253,P_1-3_4775,31.500000000000178
P_1-3_3253,P_1-3_2410,20.200000000000017
P_1-3_3253,P_1-3_2018,20.200000000000017
P_1-3_3253,P_1-3_2633,34.70000000000022
P_1-3_3253,P_1-2_5210,20.30000000000002
P_1-3_3253,P_1-2_573,20.000000000000014
P_1-3_3253,P_1-3_4954,20.30000000000002
P_1-3_3253,P_1-3_4875,27.300000000000118
P_1-3_3253,P_1-3_3410,44.30000000000036
P_1-3_2280,P_1-1-veh_459,4.200000000000001
P_1-1-pt_6273,P_1-1-pt_7763,7.499999999999989
P_1-1-pt_6273,P_1-3_528,4.5
P_1-1-pt_6273,P_1-1-pt_7760,10.499999999999979
P_1-3_2528,P_1-1-pt_3353,1.4000000000000001
P_1-3_2528,P_1-1-pt_1601,7.799999999999988
P_2-1_2028,P_1-2_5752,77.0999999999999
P_2-1_2028,P_1-2_3464,71.8000000000002
P_2-1_2028,P_1-2_3821,61.90000000000061
P_2-1_2028,P_1-2_2797,61.600000000000605
P_2-1_2028,P_1-2_2580,61.80000000000061
P_2-1_2028,P_1-1-veh_837,61.3000000000006
P_2-1_2028,P_1-3_4738,61.500000000000604
P_1-1-pt_7104,P_2-1_3376,242.4999999999905
P_1-1-pt_7104,P_2-1_6256,99.49999999999862
P_1-1-pt_7104,P_1-2_3908,105.59999999999827
P_1-1-pt_7104,P_2-1_5435,99.9999999999986
P_1-1-pt_7104,P_1-2_4607,99.8999999999986
P_1-1-pt_7104,P_2-1_4331,100.49999999999856
P_1-1-pt_7104,P_1-2_4886,546.3000000000557
P_1-1-pt_7104,P_1-2_2229,585.8000000000646
P_1-1-pt_7104,P_1-2_2030,107.09999999999819
P_1-1-pt_3595,P_1-1-pt_5913,24.200000000000074
P_1-2_4886,P_2-1_3376,138.5999999999964
P_1-2_4886,P_2-1_6256,138.49999999999642
P_1-2_4886,P_1-2_3908,138.5999999999964
P_1-2_4886,P_2-1_5435,138.5999999999964
P_1-2_4886,P_1-2_4607,128.69999999999698
P_1-2_4886,P_2-1_4331,128.499999999997
P_1-2_4886,P_1-2_2030,138.29999999999643
P_1-2_4886,P_1-1-pt_7104,546.3000000000557
P_1-2_4886,P_1-2_2229,180.59999999999403
P_1-1-pt_1121,P_1-1-pt_6031,10.799999999999978
P_1-1-pt_1121,P_1-3_403,16.89999999999997
P_1-1-pt_1121,P_1-1-pt_2606,10.999999999999977
P_2-1_804,P_1-2_4853,10.19999999999998
P_2-1_804,P_2-1_6130,10.19999999999998
P_1-1-pt_3067,P_1-1-pt_2606,263.99999999999153
P_1-1-pt_3067,P_1-1-pt_761,25.000000000000085
P_1-1-pt_3067,P_1-1-pt_3097,20.800000000000026
P_1-1-pt_3067,P_1-1-pt_2834,9.099999999999984
P_1-1-pt_3067,P_1-1-pt_6297,22.800000000000054
P_1-1-pt_3067,P_1-1-pt_5199,20.30000000000002
P_1-1-pt_3067,P_1-1-pt_6931,10.499999999999979
P_1-1-pt_3067,P_1-1-pt_4996,11.199999999999976
P_1-1-pt_3571,P_1-1-pt_8762,9.399999999999983
P_1-1-pt_3571,P_1-1-pt_1798,10.499999999999979
P_1-1-pt_3571,P_1-1-pt_5298,10.19999999999998
P_1-3_2171,P_2-1_5067,0.7
P_1-3_2424,P_1-1-pt_8611,7.999999999999988
P_1-3_3245,P_1-1-pt_6413,3.700000000000002
P_1-3_3245,P_1-1-pt_2162,3.700000000000002
P_1-3_3245,P_1-1-pt_3409,7.799999999999988
P_1-3_3245,P_1-1-pt_1270,3.700000000000002
P_1-3_3245,P_1-1-pt_6297,4.699999999999999
P_1-1-pt_0,P_1-3_3579,20.40000000000002
P_1-1-pt_0,P_1-1-pt_6031,18.39999999999999
P_1-1-pt_2880,P_1-1-pt_521,29.900000000000155
P_1-1-pt_2880,P_1-1-pt_8280,31.60000000000018
P_1-1-pt_2880,P_1-1-pt_3207,39.9000000000003
P_1-1-pt_2880,P_1-1-pt_2369,8.699999999999985
P_1-1-pt_2880,P_1-1-pt_4736,13.799999999999967
P_1-1-pt_2880,P_1-1-pt_6974,199.39999999999296
P_1-1-pt_2880,P_1-1-pt_98,23.000000000000057
P_1-1-pt_2880,P_1-1-pt_5167,31.70000000000018
P_1-1-pt_2880,P_1-1-pt_1747,31.70000000000018
P_1-1-pt_2880,P_1-1-pt_3671,22.800000000000054
P_1-1-pt_2880,P_1-1-pt_3858,21.20000000000003
P_1-1-pt_2880,P_1-2_4483,10.799999999999978
P_1-1-pt_2880,P_1-1-pt_6743,10.19999999999998
P_1-1-pt_2880,P_1-1-veh_610,10.29999999999998
P_1-1-pt_2880,P_1-1-veh_767,7.799999999999988
P_1-1-pt_2880,P_1-1-pt_571,9.799999999999981
P_1-1-pt_2880,P_1-1-pt_3230,9.699999999999982
P_1-1-pt_2880,P_1-1-pt_1497,9.599999999999982
P_1-1-pt_8735,P_1-1-pt_498,10.09999999999998
P_1-1-pt_8735,P_1-3_743,15.59999999999996
P_1-1-pt_8735,P_1-1-pt_1723,80.89999999999968
P_1-1-pt_8735,P_1-2_5753,7.799999999999988
P_1-1-pt_8735,P_1-3_2599,15.399999999999961
P_1-1-pt_8735,P_1-2_5745,15.59999999999996
P_1-1-pt_8735,P_1-1-pt_8289,10.09999999999998
P_1-1-pt_8735,P_1-1-pt_182,10.19999999999998
P_1-1-pt_8735,P_1-3_4289,7.799999999999988
P_1-1-pt_8735,P_1-3_3076,7.799999999999988
P_1-1-pt_8735,P_1-2_609,7.799999999999988
P_1-1-pt_8735,P_1-2_4266,45.60000000000038
P_1-1-pt_150,P_1-1-pt_4901,26.900000000000112
P_1-1-pt_150,P_1-2_2715,9.99999999999998
P_1-1-pt_3207,P_1-1-pt_3671,56.90000000000054
P_1-1-pt_3207,P_1-1-pt_98,482.20000000004114
P_1-1-pt_3207,P_1-1-pt_6974,98.59999999999867
P_1-1-pt_3207,P_1-1-pt_5167,55.900000000000524
P_1-1-pt_3207,P_1-1-pt_1747,54.90000000000051
P_1-1-pt_3207,P_1-1-pt_4879,22.40000000000005
P_1-1-pt_3207,P_1-1-pt_2369,10.19999999999998
P_1-1-pt_3207,P_1-1-pt_6743,32.9000000000002
P_1-1-pt_3207,P_1-1-pt_4736,22.100000000000044
P_1-1-pt_3207,P_1-1-pt_2880,39.9000000000003
P_1-1-pt_3207,P_1-1-pt_571,11.199999999999976
P_1-1-pt_3207,P_1-1-pt_3230,10.899999999999977
P_1-1-pt_3207,P_1-1-pt_521,52.90000000000048
P_1-1-pt_3207,P_1-1-pt_8280,43.10000000000034
P_1-1-pt_3207,P_1-1-pt_2920,10.899999999999977
P_1-1-pt_3207,P_1-1-pt_5666,325.4000000000055
P_1-1-pt_3207,P_1-1-veh_610,5.099999999999998
P_1-1-pt_3207,P_1-1-pt_2013,10.399999999999979
P_1-1-pt_3207,P_1-1-veh_767,47.3000000000004
P_1-1-pt_3207,P_1-1-pt_3858,11.599999999999975
P_1-1-pt_8247,P_1-1-pt_4262,10.599999999999978
P_1-1-pt_8247,P_1-1-pt_1420,807.100000000115
P_1-1-pt_8247,P_1-2_2795,36.00000000000024
P_1-2_4249,P_1-1-pt_8611,9.699999999999982
P_1-2_5369,P_2-1_1609,40.0000000000003
P_1-1-pt_4785,P_1-3_2180,7.799999999999988
P_1-1-pt_4785,P_2-1_4930,6.299999999999994
P_1-1-pt_3624,P_1-1-pt_255,10.09999999999998
P_1-1-pt_3624,P_1-1-pt_5897,9.99999999999998
P_1-1-pt_3624,P_1-1-pt_3769,10.699999999999978
P_1-1-pt_3624,P_1-1-pt_4671,9.99999999999998
P_1-1-pt_3624,P_1-1-pt_1270,9.99999999999998
P_1-1-pt_3624,P_1-1-pt_3409,10.19999999999998
P_1-1-pt_3624,P_1-1-pt_4919,10.19999999999998
P_1-1-pt_3624,P_1-1-pt_1304,10.29999999999998
P_1-1-pt_3624,P_1-1-pt_7863,10.29999999999998
P_1-1-pt_3624,P_1-1-pt_8545,10.09999999999998
P_1-1-pt_3624,P_1-1-pt_5193,10.19999999999998
P_1-1-pt_3624,P_1-1-pt_7325,10.09999999999998
P_1-1-pt_3624,P_1-1-pt_8137,9.199999999999983
P_1-1-pt_1304,P_1-1-pt_3275,10.599999999999978
P_1-1-pt_1304,P_1-1-pt_1560,11.199999999999976
P_1-1-pt_1304,P_1-1-pt_1966,10.599999999999978
P_1-1-pt_1304,P_1-1-pt_5906,10.799999999999978
P_1-1-pt_1304,P_1-1-pt_1238,10.699999999999978
P_1-1-pt_1304,P_1-1-pt_3916,10.799999999999978
P_1-1-pt_1304,P_1-1-pt_1108,21.10000000000003
P_1-1-pt_1304,P_1-1-pt_1226,10.799999999999978
P_1-1-pt_1304,P_1-1-pt_3624,10.29999999999998
P_1-1-pt_1304,P_1-1-veh_792,9.99999999999998
P_1-2_4266,P_1-1-pt_498,3.600000000000002
P_1-2_4266,P_1-3_743,20.100000000000016
P_1-2_4266,P_1-3_2599,20.100000000000016
P_1-2_4266,P_1-2_5745,20.30000000000002
P_1-2_4266,P_1-1-pt_8289,6.5999999999999925
P_1-2_4266,P_1-1-pt_182,6.5999999999999925
P_1-2_4266,P_1-2_5753,10.09999999999998
P_1-2_4266,P_1-3_4289,9.99999999999998
P_1-2_4266,P_1-3_3076,9.99999999999998
P_1-2_4266,P_1-2_609,9.99999999999998
P_1-2_4266,P_1-1-pt_8735,45.60000000000038
P_1-1-pt_1037,P_1-2_2345,8.199999999999987
P_1-1-pt_1037,P_1-1-pt_5324,1772.6999999994832
P_1-3_4289,P_1-3_743,20.200000000000017
P_1-3_4289,P_1-1-pt_1723,3.800000000000002
P_1-3_4289,P_1-1-veh_834,10.09999999999998
P_1-3_4289,P_1-3_2599,10.09999999999998
P_1-3_4289,P_1-2_5745,10.19999999999998
P_1-3_4289,P_1-1-pt_8289,7.799999999999988
P_1-3_4289,P_1-1-pt_8735,7.799999999999988
P_1-3_4289,P_1-2_4266,9.99999999999998
P_1-3_4289,P_1-3_3076,10.09999999999998
P_1-3_4289,P_1-2_5753,10.09999999999998
P_1-3_4289,P_1-1-pt_182,7.799999999999988
P_1-3_743,P_1-2_3608,2.9000000000000012
P_1-3_743,P_1-1-pt_498,3.800000000000002
P_1-3_743,P_1-1-pt_1723,98.79999999999866
P_1-3_743,P_1-2_5753,10.09999999999998
P_1-3_743,P_1-1-veh_834,20.200000000000017
P_1-3_743,P_1-3_2599,20.30000000000002
P_1-3_743,P_1-2_5745,20.200000000000017
P_1-3_743,P_1-1-pt_8289,15.499999999999961
P_1-3_743,P_1-1-pt_8735,15.59999999999996
P_1-3_743,P_1-2_4266,20.100000000000016
P_1-3_743,P_1-3_3076,20.100000000000016
P_1-3_743,P_1-1-pt_182,15.499999999999961
P_1-3_743,P_1-3_4289,20.200000000000017
P_1-1-pt_1473,P_1-1-pt_6931,10.699999999999978
P_1-1-pt_1473,P_1-1-pt_5897,10.799999999999978
P_1-1-pt_1473,P_1-1-pt_3769,10.899999999999977
P_1-1-pt_1473,P_1-1-pt_4671,10.899999999999977
P_1-1-pt_1473,P_1-1-pt_4919,10.799999999999978
P_1-1-pt_1473,P_1-1-pt_1296,11.299999999999976
P_1-1-pt_394,P_1-1-pt_5997,1148.300000000051
P_1-1-pt_394,P_1-1-pt_4541,1100.2000000000949
P_1-1-pt_5324,P_1-2_2345,8.099999999999987
P_1-1-pt_5324,P_1-1-pt_1037,1772.6999999994832
P_1-2_960,P_1-3_2745,10.09999999999998
P_1-2_960,P_1-2_1265,10.09999999999998
P_1-1-pt_8728,P_1-1-pt_6453,10.399999999999979
P_1-1-pt_8728,P_1-1-pt_571,8.399999999999986
P_1-1-pt_8728,P_1-1-pt_3230,8.299999999999986
P_1-1-pt_8728,P_1-1-pt_4736,8.299999999999986
P_1-1-pt_8728,P_1-1-pt_2162,9.299999999999983
P_1-1-pt_8728,P_1-1-pt_3409,10.09999999999998
P_1-1-pt_7080,P_1-1-pt_7760,10.19999999999998
P_1-1-pt_7080,P_1-2_4464,17.299999999999976
P_1-1-pt_7080,P_1-1-veh_234,17.999999999999986
P_1-1-pt_7080,P_1-1-pt_8682,11.299999999999976
P_1-1-pt_7080,P_1-1-pt_5078,17.299999999999976
P_1-1-pt_7080,P_1-2_3389,7.799999999999988
P_2-1_5552,P_1-1-pt_7277,8.899999999999984
P_1-1-pt_4541,P_1-1-pt_394,1100.2000000000949
P_1-2_250,P_1-1-pt_5139,3.600000000000002
P_1-2_250,P_1-1-pt_4736,7.699999999999989
P_1-1-pt_1700,P_1-2_3488,15.59999999999996
P_1-1-pt_1700,P_1-1-pt_2129,20.200000000000017
P_1-1-pt_1700,P_1-1-pt_1039,20.200000000000017
P_1-1-pt_1700,P_1-1-pt_5275,20.100000000000016
P_1-1-pt_761,P_1-1-pt_4996,21.400000000000034
P_1-1-pt_761,P_1-1-pt_3386,10.699999999999978
P_1-1-pt_761,P_1-1-pt_3067,25.000000000000085
P_1-1-pt_761,P_1-1-pt_5906,10.899999999999977
P_1-1-pt_761,P_1-1-pt_3916,10.699999999999978
P_1-1-pt_761,P_1-1-pt_7208,11.099999999999977
P_1-1-pt_761,P_1-1-pt_6538,8.699999999999985
P_1-1-pt_761,P_1-1-pt_255,10.899999999999977
P_1-1-pt_761,P_1-1-pt_1296,11.299999999999976
P_1-1-pt_761,P_1-1-pt_530,11.399999999999975
P_1-1-pt_7938,P_1-1-pt_2032,10.499999999999979
P_1-1-pt_7938,P_1-1-pt_2770,10.19999999999998
P_1-1-pt_7938,P_1-1-pt_6355,8.699999999999985
P_1-1-pt_7938,P_1-2_4454,5.399999999999997
P_1-1-pt_7938,P_1-1-pt_2863,9.99999999999998
P_1-1-pt_7938,P_1-1-pt_8969,10.09999999999998
P_1-1-pt_7938,P_1-1-pt_1601,20.700000000000024
P_1-1-pt_7938,P_1-1-pt_2844,1568.399999999669
P_1-2_2543,P_1-3_990,19.60000000000001
P_1-2_2543,P_1-1-pt_654,14.999999999999963
P_1-2_2543,P_1-1-pt_7664,8.199999999999987
P_1-2_2543,P_1-1-pt_776,8.099999999999987
P_1-3_870,P_1-3_3793,10.09999999999998
P_1-1-pt_3409,P_1-1-pt_6453,10.09999999999998
P_1-1-pt_3409,P_1-1-pt_255,9.89999999999998
P_1-1-pt_3409,P_1-1-pt_6413,10.09999999999998
P_1-1-pt_3409,P_1-1-pt_2162,20.200000000000017
P_1-1-pt_3409,P_1-1-pt_494,10.29999999999998
P_1-1-pt_3409,P_1-1-pt_5897,10.09999999999998
P_1-1-pt_3409,P_1-1-pt_3769,10.19999999999998
P_1-1-pt_3409,P_1-1-pt_4671,9.99999999999998
P_1-1-pt_3409,P_1-1-pt_3624,10.19999999999998
P_1-1-pt_3409,P_1-1-pt_1270,237.4999999999908
P_1-1-pt_3409,P_1-3_3245,7.799999999999988
P_1-1-pt_3409,P_2-1_5419,15.499999999999961
P_1-1-pt_3409,P_1-1-pt_8728,10.09999999999998
P_1-1-pt_3409,P_1-2_4483,10.09999999999998
P_1-1-pt_5906,P_1-1-pt_6176,11.599999999999975
P_1-1-pt_5906,P_1-1-pt_761,10.899999999999977
P_1-1-pt_5906,P_1-1-pt_6031,10.899999999999977
P_1-1-pt_5906,P_1-1-pt_255,10.699999999999978
P_1-1-pt_5906,P_1-1-pt_1108,10.699999999999978
P_1-1-pt_5906,P_1-1-pt_494,10.699999999999978
P_1-1-pt_5906,P_1-1-pt_2162,10.499999999999979
P_1-1-pt_5906,P_1-1-pt_5897,10.499999999999979
P_1-1-pt_5906,P_1-1-pt_3769,10.899999999999977
P_1-1-pt_5906,P_1-1-pt_4671,10.899999999999977
P_1-1-pt_5906,P_1-1-pt_1270,10.899999999999977
P_1-1-pt_5906,P_1-1-pt_4919,10.799999999999978
P_1-1-pt_5906,P_1-1-pt_1304,10.799999999999978
P_1-1-pt_5906,P_1-1-pt_7863,10.899999999999977
P_1-1-pt_5906,P_1-1-pt_5193,10.699999999999978
P_1-1-pt_5906,P_1-1-pt_7325,10.899999999999977
P_1-1-pt_5906,P_1-1-pt_8137,10.699999999999978
P_1-1-pt_5906,P_1-1-pt_3275,11.199999999999976
P_1-1-veh_837,P_1-2_5752,113.29999999999784
P_1-1-veh_837,P_1-2_3464,113.29999999999784
P_1-1-veh_837,P_1-2_3821,113.29999999999784
P_1-1-veh_837,P_1-2_2797,113.09999999999785
P_1-1-veh_837,P_1-2_2580,112.79999999999787
P_1-1-veh_837,P_2-1_2028,61.3000000000006
P_1-1-veh_837,P_1-3_4738,3188.999999998195
P_1-1-veh_834,P_1-1-pt_8289,34.800000000000225
P_1-1-veh_834,P_1-2_5753,42.70000000000034
P_1-1-veh_834,P_1-3_743,20.200000000000017
P_1-1-veh_834,P_1-3_2599,10.09999999999998
P_1-1-veh_834,P_1-2_5745,10.09999999999998
P_1-1-veh_834,P_1-3_4289,10.09999999999998
P_1-1-veh_834,P_1-1-pt_182,7.799999999999988
P_1-1-pt_5999,P_1-1-pt_7915,8.299999999999986
P_1-1-pt_5999,P_1-1-pt_3858,20.600000000000023
P_1-2_263,P_1-1-pt_7732,3.800000000000002
P_1-1-pt_2297,P_1-1-pt_2369,24.200000000000074
P_1-1-pt_3176,P_1-1-pt_2961,11.599999999999975
P_1-1-pt_7732,P_1-3_2985,3.600000000000002
P_1-1-pt_7732,P_1-2_1990,3.700000000000002
P_1-1-pt_7732,P_1-1-veh_602,3.700000000000002
P_1-1-pt_7732,P_1-2_4208,5.099999999999998
P_1-1-pt_7732,P_1-2_2345,3.800000000000002
P_1-1-pt_7732,P_1-1-pt_5298,2.1000000000000005
P_1-1-pt_7732,P_1-2_263,3.800000000000002
P_1-1-pt_7573,P_1-2_6013,3.700000000000002
P_1-1-pt_7573,P_2-1_2384,4.999999999999998
P_1-1-pt_7573,P_1-1-pt_6176,9.399999999999983
P_1-1-pt_7573,P_1-1-pt_2013,17.299999999999976
P_1-1-pt_7573,P_1-1-pt_297,76.69999999999992
P_1-1-pt_7573,P_1-1-pt_2369,10.499999999999979
P_1-1-pt_7573,P_1-1-pt_521,10.799999999999978
P_1-1-pt_7573,P_1-1-pt_6974,10.599999999999978
P_1-1-pt_7573,P_1-1-pt_5167,11.599999999999975
P_1-1-pt_7573,P_1-1-pt_1747,11.099999999999977
P_1-1-pt_7573,P_1-1-pt_3671,10.999999999999977
P_1-2_3378,P_1-2_3077,91.29999999999909
P_1-2_3378,P_1-3_2180,0.30000000000000004
P_1-2_3378,P_1-3_2076,0.30000000000000004
P_1-2_3378,P_1-2_5020,20.200000000000017
P_1-2_3378,P_1-2_5092,20.200000000000017
P_1-2_1203,P_1-1-pt_1108,9.099999999999984
P_1-3_1945,P_1-1-pt_5139,7.899999999999988
P_1-2_4771,P_1-1-pt_3629,31.70000000000018
P_1-2_4771,P_1-1-pt_1714,15.59999999999996
P_1-2_4771,P_1-2_2287,20.40000000000002
P_1-2_4771,P_1-3_1785,20.30000000000002
P_1-2_4771,P_1-2_3081,20.200000000000017
P_1-2_4771,P_1-2_5951,10.599999999999978
P_1-2_3702,P_1-1-pt_1006,13.499999999999968
P_1-2_3702,P_1-1-pt_4380,119.79999999999747
P_1-2_2875,P_1-1-pt_494,5.899999999999995
P_1-2_2875,P_1-1-pt_2162,11.999999999999973
P_1-3_3494,P_1-1-pt_7760,21.600000000000037
P_1-3_3494,P_1-3_2955,17.59999999999998
P_1-2_2795,P_1-1-pt_1420,13.599999999999968
P_1-2_2795,P_1-1-pt_8247,36.00000000000024
P_1-3_283,P_1-2_2335,103.09999999999842
P_1-3_4291,P_1-2_2215,20.100000000000016
P_1-3_4291,P_1-3_5020,20.30000000000002
P_1-2_4329,P_1-1-pt_2431,10.599999999999978
P_1-2_5437,P_1-1-pt_498,3.700000000000002
P_1-1-pt_8969,P_1-1-pt_1006,10.19999999999998
P_1-1-pt_8969,P_1-1-pt_7938,10.09999999999998
P_1-1-pt_8969,P_1-1-pt_3931,8.499999999999986
P_1-1-pt_8969,P_1-1-pt_2863,10.09999999999998
P_1-1-pt_8969,P_1-1-pt_3353,10.09999999999998
P_1-1-pt_3386,P_1-1-veh_610,3.700000000000002
P_1-1-pt_3386,P_1-1-pt_761,10.699999999999978
P_1-1-pt_3386,P_1-1-pt_3097,9.199999999999983
P_1-1-pt_3386,P_1-1-pt_2834,9.699999999999982
P_1-1-pt_3386,P_1-1-pt_6297,10.19999999999998
P_1-1-pt_3386,P_1-1-pt_5199,10.799999999999978
P_1-1-pt_3386,P_1-1-pt_6931,9.599999999999982
P_1-1-pt_3386,P_1-1-pt_5357,20.700000000000024
P_1-2_1265,P_1-3_2745,10.09999999999998
P_1-2_1265,P_1-2_960,10.09999999999998
P_1-2_3716,P_1-2_4327,20.30000000000002
P_1-2_3716,P_1-2_4098,10.699999999999978
P_1-1-pt_1138,P_1-1-pt_8762,2030.9999999992483
P_1-1-pt_1138,P_1-1-pt_1798,727.1000000000968
P_1-1-pt_1138,P_1-1-pt_3275,9.599999999999982
P_1-1-pt_1138,P_1-1-pt_1560,9.599999999999982
P_1-1-pt_1138,P_1-1-pt_1966,9.499999999999982
P_1-1-pt_1138,P_1-1-pt_4595,10.599999999999978
P_1-1-pt_1138,P_1-1-pt_5392,19.300000000000004
P_1-1-pt_4595,P_1-2_2512,16.599999999999966
P_1-1-pt_4595,P_1-1-pt_6368,8.599999999999985
P_1-1-pt_4595,P_1-1-pt_7325,8.399999999999986
P_1-1-pt_4595,P_1-1-pt_8137,7.499999999999989
P_1-1-pt_4595,P_1-1-pt_8762,10.699999999999978
P_1-1-pt_4595,P_1-1-pt_1138,10.599999999999978
P_1-1-pt_4595,P_1-1-pt_3275,11.999999999999973
P_1-1-pt_3353,P_1-3_2528,1.4000000000000001
P_1-1-pt_3353,P_1-2_4715,5.399999999999997
P_1-1-pt_3353,P_1-1-pt_2770,10.09999999999998
P_1-1-pt_3353,P_1-1-pt_6355,10.699999999999978
P_1-1-pt_3353,P_1-2_4454,7.29999999999999
P_1-1-pt_3353,P_1-2_3590,7.19999999999999
P_1-1-pt_3353,P_1-1-pt_8982,10.19999999999998
P_1-1-pt_3353,P_1-1-pt_8969,10.09999999999998
P_1-1-veh_792,P_1-1-pt_7760,3.800000000000002
P_1-1-veh_792,P_1-1-pt_1108,3.700000000000002
P_1-1-veh_792,P_1-1-pt_3769,3.900000000000002
P_1-1-veh_792,P_1-1-pt_1304,9.99999999999998
P_1-1-veh_792,P_1-1-pt_7863,6.699999999999992
P_1-1-veh_792,P_1-1-pt_5193,1.0999999999999999
P_1-3_2421,P_1-3_4124,20.200000000000017
P_1-2_3389,P_1-1-veh_234,10.29999999999998
P_1-2_3389,P_1-1-pt_8682,7.799999999999988
P_1-2_3389,P_1-1-pt_7080,7.799999999999988
P_1-2_1017,P_1-1-pt_1296,3.600000000000002
P_1-2_1017,P_1-3_990,4.699999999999999
P_1-2_1017,P_1-2_1559,10.399999999999979
P_1-2_1017,P_1-2_3693,10.09999999999998
P_1-2_3413,P_1-1-pt_1306,382.1000000000184
P_1-2_3413,P_1-3_5334,12.599999999999971
P_1-2_3413,P_1-1-pt_3927,19.300000000000004
P_1-1-pt_654,P_1-2_2543,14.999999999999963
P_1-1-pt_654,P_1-2_2034,6.099999999999994
P_1-1-pt_654,P_1-1-pt_3916,17.799999999999983
P_1-2_3081,P_1-3_1785,10.19999999999998
P_1-2_3081,P_1-1-pt_1714,7.799999999999988
P_1-2_3081,P_1-2_2287,10.19999999999998
P_1-2_3081,P_1-2_4771,20.200000000000017
P_1-2_3081,P_1-1-pt_3629,16.19999999999996
P_1-2_3081,P_1-2_5951,10.19999999999998
P_1-3_3410,P_1-2_4634,60.70000000000059
P_1-3_3410,P_1-3_4775,40.400000000000304
P_1-3_3410,P_1-3_2410,9.89999999999998
P_1-3_3410,P_1-3_3253,44.30000000000036
P_1-3_3410,P_1-3_2018,10.29999999999998
P_1-3_3410,P_1-3_2633,30.100000000000158
P_1-3_3410,P_1-2_5210,10.09999999999998
P_1-3_3410,P_1-2_573,10.09999999999998
P_1-3_3410,P_1-3_4954,10.09999999999998
P_1-3_3410,P_1-3_4875,120.69999999999742
P_1-1-pt_1798,P_1-1-pt_1298,9.499999999999982
P_1-1-pt_1798,P_1-1-pt_3571,10.499999999999979
P_1-1-pt_1798,P_1-1-pt_1138,727.1000000000968
P_1-1-pt_1798,P_1-1-pt_4262,10.699999999999978
P_1-1-pt_5298,P_1-1-pt_3927,10.19999999999998
P_1-1-pt_5298,P_1-1-pt_3571,10.19999999999998
P_1-1-pt_5298,P_1-1-pt_7732,2.1000000000000005
P_1-1-pt_5298,P_1-1-pt_1560,18.9
P_2-1_3119,P_1-2_2715,7.999999999999988
P_1-3_1571,P_1-1-pt_5997,10.19999999999998
P_1-1-pt_2952,P_1-2_5640,12.599999999999971
P_1-1-pt_2952,P_1-2_3693,15.399999999999961
P_1-1-pt_2952,P_1-1-veh_5,31.60000000000018
P_1-1-pt_7948,P_1-1-pt_5258,17.999999999999986
P_1-1-pt_7325,P_1-1-pt_3275,10.899999999999977
P_1-1-pt_7325,P_1-1-pt_1560,10.899999999999977
P_1-1-pt_7325,P_1-1-pt_1966,10.999999999999977
P_1-1-pt_7325,P_1-1-pt_4595,8.399999999999986
P_1-1-pt_7325,P_1-1-pt_5906,10.899999999999977
P_1-1-pt_7325,P_1-1-pt_1226,10.799999999999978
P_1-1-pt_7325,P_1-1-pt_3624,10.09999999999998
P_1-1-pt_7325,P_1-1-pt_8137,54.2000000000005
P_1-1-pt_7325,P_1-1-pt_6453,9.89999999999998
P_1-1-pt_4380,P_1-1-pt_7440,10.09999999999998
P_1-1-pt_4380,P_1-2_3702,119.79999999999747
P_1-2_303,P_1-1-pt_776,16.89999999999997
P_1-2_303,P_1-1-pt_4879,18.499999999999993
P_1-2_2215,P_1-3_4291,20.100000000000016
P_1-2_2215,P_1-3_5020,20.40000000000002
P_1-2_2215,P_2-1_3664,6.199999999999994
P_1-1-veh_610,P_1-1-pt_4996,3.600000000000002
P_1-1-veh_610,P_1-1-pt_3386,3.700000000000002
P_1-1-veh_610,P_1-1-pt_521,3.600000000000002
P_1-1-veh_610,P_1-1-pt_5666,7.899999999999988
P_1-1-veh_610,P_1-1-pt_3207,5.099999999999998
P_1-1-veh_610,P_1-1-pt_2880,10.29999999999998
P_1-1-veh_610,P_1-1-pt_6743,8.399999999999986
P_1-1-veh_610,P_1-1-pt_8280,3.600000000000002
P_1-2_5765,P_1-3_2786,11.499999999999975
P_1-1-pt_7277,P_1-1-pt_5258,10.19999999999998
P_1-1-pt_7277,P_1-1-pt_3931,8.599999999999985
P_1-1-pt_7277,P_2-1_5552,8.899999999999984
P_1-1-pt_7277,P_1-1-pt_6381,10.19999999999998
P_1-1-pt_8137,P_1-1-pt_3275,10.799999999999978
P_1-1-pt_8137,P_1-1-pt_1560,11.099999999999977
P_1-1-pt_8137,P_1-1-pt_1966,10.599999999999978
P_1-1-pt_8137,P_1-1-pt_4595,7.499999999999989
P_1-1-pt_8137,P_1-1-pt_5906,10.699999999999978
P_1-1-pt_8137,P_1-1-pt_1226,10.799999999999978
P_1-1-pt_8137,P_1-1-pt_3624,9.199999999999983
P_1-1-pt_8137,P_1-1-pt_7325,54.2000000000005
P_1-1-pt_8137,P_1-1-pt_1108,11.099999999999977
P_1-1-pt_8137,P_1-1-pt_6389,10.29999999999998
P_1-1-pt_6389,P_1-1-pt_3512,178.29999999999416
P_1-1-pt_6389,P_1-1-pt_1226,15.299999999999962
P_1-1-pt_6389,P_1-1-pt_8137,10.29999999999998
P_1-3_2786,P_1-2_5765,11.499999999999975
P_1-1-pt_5913,P_1-1-pt_3595,24.200000000000074
P_1-1-pt_7208,P_1-1-pt_5078,10.999999999999977
P_1-1-pt_7208,P_1-1-pt_761,11.099999999999977
P_1-1-pt_7208,P_1-1-pt_571,12.399999999999972
P_1-1-pt_7208,P_1-1-pt_3230,11.999999999999973
P_1-1-pt_7208,P_1-1-pt_4736,12.299999999999972
P_2-1_2987,P_1-3_80,10.09999999999998
P_2-1_2911,P_1-1-pt_1601,6.8999999999999915
P_2-1_2911,P_1-1-pt_2425,1037.5000000001519
P_1-1-veh_5,P_1-2_5640,10.09999999999998
P_1-1-veh_5,P_1-1-pt_2952,31.60000000000018
P_1-1-veh_5,P_1-2_3693,17.899999999999984
P_1-2_671,P_1-2_1559,33.60000000000021
P_1-1-pt_3916,P_1-1-pt_6176,11.899999999999974
P_1-1-pt_3916,P_1-1-pt_297,11.499999999999975
P_1-1-pt_3916,P_1-1-pt_761,10.699999999999978
P_1-1-pt_3916,P_1-1-pt_3097,11.099999999999977
P_1-1-pt_3916,P_1-1-pt_6031,10.19999999999998
P_1-1-pt_3916,P_1-1-pt_255,10.899999999999977
P_1-1-pt_3916,P_1-1-pt_1108,10.699999999999978
P_1-1-pt_3916,P_1-1-pt_494,10.599999999999978
P_1-1-pt_3916,P_1-1-pt_2162,10.699999999999978
P_1-1-pt_3916,P_1-1-pt_5897,10.699999999999978
P_1-1-pt_3916,P_1-1-pt_3769,10.799999999999978
P_1-1-pt_3916,P_1-1-pt_4671,10.999999999999977
P_1-1-pt_3916,P_1-1-pt_1270,10.699999999999978
P_1-1-pt_3916,P_1-1-pt_4919,10.799999999999978
P_1-1-pt_3916,P_1-1-pt_1304,10.799999999999978
P_1-1-pt_3916,P_1-1-pt_8545,10.19999999999998
P_1-1-pt_3916,P_1-1-pt_654,17.799999999999983
P_1-3_2633,P_1-3_2018,10.09999999999998
P_1-3_2633,P_1-2_4634,30.20000000000016
P_1-3_2633,P_1-3_4775,30.000000000000156
P_1-3_2633,P_1-3_2410,9.99999999999998
P_1-3_2633,P_1-3_3253,34.70000000000022
P_1-3_2633,P_1-2_5210,23.30000000000006
P_1-3_2633,P_1-2_573,21.600000000000037
P_1-3_2633,P_1-3_4954,22.800000000000054
P_1-3_2633,P_1-3_4875,22.60000000000005
P_1-3_2633,P_1-3_3410,30.100000000000158
P_1-2_2338,P_2-1_5067,9.89999999999998
P_1-2_171,P_1-3_5117,45.70000000000038
P_1-2_171,P_1-2_4285,145.19999999999604
P_1-3_5550,P_1-1-pt_1601,7.999999999999988
P_2-1_2161,P_1-2_4734,40.80000000000031
P_2-1_2161,P_1-2_4206,40.80000000000031
P_2-1_2161,P_1-3_1500,40.80000000000031
P_2-1_2161,P_1-3_3901,40.70000000000031
P_2-1_2161,P_1-2_1420,40.60000000000031
P_2-1_2161,P_1-3_228,40.60000000000031
P_2-1_2161,P_1-3_3776,30.600000000000165
P_2-1_2161,P_1-3_874,30.400000000000162
P_2-1_2161,P_1-3_2454,20.30000000000002
P_2-1_2161,P_1-3_3834,20.40000000000002
P_2-1_2161,P_1-2_3280,10.19999999999998
P_2-1_2161,P_1-3_3046,10.19999999999998
P_2-1_2161,P_1-3_3457,10.19999999999998
P_2-1_2161,P_1-3_4168,10.19999999999998
P_2-1_2161,P_1-3_2053,10.19999999999998
P_2-1_4788,P_1-2_4853,14.299999999999965
P_2-1_4788,P_2-1_6130,10.19999999999998
P_1-3_2482,P_1-2_1025,10.699999999999978
P_1-1-pt_2503,P_1-2_1255,10.899999999999977
P_1-1-pt_1497,P_1-1-pt_5167,79.49999999999976
P_1-1-pt_1497,P_1-1-pt_6974,42.10000000000033
P_1-1-pt_1497,P_1-1-pt_1747,60.900000000000595
P_1-1-pt_1497,P_1-1-pt_98,29.300000000000146
P_1-1-pt_1497,P_1-1-pt_3671,62.200000000000614
P_1-1-pt_1497,P_1-1-pt_4736,26.1000000000001
P_1-1-pt_1497,P_1-1-pt_521,24.500000000000078
P_1-1-pt_1497,P_1-1-pt_2920,10.19999999999998
P_1-1-pt_1497,P_1-1-pt_3858,10.499999999999979
P_1-1-pt_1497,P_1-1-pt_2369,20.900000000000027
P_1-1-pt_1497,P_1-1-pt_2013,11.699999999999974
P_1-1-pt_1497,P_1-1-pt_2880,9.599999999999982
P_1-2_4285,P_1-3_4124,10.399999999999979
P_1-2_4285,P_1-2_171,145.19999999999604
P_1-1-pt_498,P_1-3_743,3.800000000000002
P_1-1-pt_498,P_1-3_2599,3.700000000000002
P_1-1-pt_498,P_1-2_5745,3.600000000000002
P_1-1-pt_498,P_1-1-pt_8735,10.09999999999998
P_1-1-pt_498,P_1-1-pt_1723,888.1000000001334
P_1-1-pt_498,P_1-2_4266,3.600000000000002
P_1-1-pt_498,P_1-3_1535,3.600000000000002
P_1-1-pt_498,P_1-1-pt_2032,10.09999999999998
P_1-1-pt_498,P_1-2_609,3.700000000000002
P_1-1-pt_498,P_1-2_5437,3.700000000000002
P_1-1-pt_498,P_1-2_4270,3.800000000000002
P_1-3_3755,P_1-1-pt_6368,8.799999999999985
P_1-3_3755,P_1-1-pt_1306,19.900000000000013
P_1-3_3755,P_1-2_3052,10.09999999999998
P_1-3_2745,P_1-2_960,10.09999999999998
P_1-3_2745,P_1-2_1265,10.09999999999998
P_1-1-pt_1723,P_1-3_743,98.79999999999866
P_1-1-pt_1723,P_1-3_2599,3.700000000000002
P_1-1-pt_1723,P_1-2_5745,3.600000000000002
P_1-1-pt_1723,P_1-1-pt_498,888.1000000001334
P_1-1-pt_1723,P_1-1-pt_8735,80.89999999999968
P_1-1-pt_1723,P_1-3_3076,3.700000000000002
P_1-1-pt_1723,P_1-1-pt_182,20.30000000000002
P_1-1-pt_1723,P_1-1-pt_8184,20.200000000000017
P_1-1-pt_1723,P_1-3_4289,3.800000000000002
P_1-1-pt_4901,P_2-1_2384,13.999999999999966
P_1-1-pt_4901,P_1-1-pt_150,26.900000000000112
P_1-1-pt_4901,P_1-1-pt_5078,22.60000000000005
P_1-1-pt_4901,P_1-1-pt_8682,10.19999999999998
P_1-1-pt_4901,P_1-2_505,38.10000000000027
P_1-1-pt_4919,P_1-1-pt_3275,10.599999999999978
P_1-1-pt_4919,P_1-1-pt_1560,10.499999999999979
P_1-1-pt_4919,P_1-1-pt_1966,10.799999999999978
P_1-1-pt_4919,P_1-1-pt_5906,10.799999999999978
P_1-1-pt_4919,P_1-1-pt_1238,10.499999999999979
P_1-1-pt_4919,P_1-1-pt_3916,10.799999999999978
P_1-1-pt_4919,P_1-1-pt_1108,10.399999999999979
P_1-1-pt_4919,P_1-1-pt_1226,10.899999999999977
P_1-1-pt_4919,P_1-1-pt_3624,10.19999999999998
P_1-1-pt_4919,P_1-1-pt_1270,11.399999999999975
P_1-1-pt_4919,P_1-1-pt_1473,10.799999999999978
P_1-1-pt_4919,P_1-1-pt_6297,12.399999999999972
P_1-1-pt_4919,P_1-1-pt_3769,10.999999999999977
P_1-1-pt_4919,P_1-1-pt_6031,11.299999999999976
P_1-1-pt_4919,P_1-2_1255,10.399999999999979
P_1-3_4587,P_1-3_2076,9.99999999999998
P_1-3_4587,P_1-2_5020,0.30000000000000004
P_1-3_4587,P_1-2_5092,0.7999999999999999
P_1-3_4587,P_1-3_5354,10.09999999999998
P_1-1-pt_3512,P_1-1-pt_6389,178.29999999999416
P_1-1-pt_3512,P_1-1-pt_4262,10.09999999999998
P_2-1_5067,P_1-3_5475,11.599999999999975
P_2-1_5067,P_1-2_4609,8.899999999999984
P_2-1_5067,P_1-2_2338,9.89999999999998
P_2-1_5067,P_1-3_2171,0.7
P_2-1_2486,P_2-1_5001,41.200000000000315
P_2-1_2486,P_2-1_3601,30.90000000000017
P_1-2_4464,P_1-1-pt_7080,17.299999999999976
P_1-2_4464,P_1-3_3579,8.099999999999987
P_1-2_4464,P_1-3_17,0.4
P_1-3_1535,P_1-1-pt_498,3.600000000000002
P_2-1_499,P_1-2_4853,10.19999999999998
P_2-1_499,P_2-1_6130,10.09999999999998
P_1-1-pt_1226,P_1-1-pt_7142,14.899999999999963
P_1-1-pt_1226,P_1-2_5951,3.600000000000002
P_1-1-pt_1226,P_1-1-pt_6297,9.499999999999982
P_1-1-pt_1226,P_1-1-pt_5199,10.799999999999978
P_1-1-pt_1226,P_1-1-pt_6931,12.69999999999997
P_1-1-pt_1226,P_1-1-pt_6031,10.699999999999978
P_1-1-pt_1226,P_1-1-pt_255,11.199999999999976
P_1-1-pt_1226,P_1-1-pt_494,10.799999999999978
P_1-1-pt_1226,P_1-1-pt_2162,10.599999999999978
P_1-1-pt_1226,P_1-1-pt_5897,10.699999999999978
P_1-1-pt_1226,P_1-1-pt_3769,10.699999999999978
P_1-1-pt_1226,P_1-1-pt_4671,11.099999999999977
P_1-1-pt_1226,P_1-1-pt_1270,10.599999999999978
P_1-1-pt_1226,P_1-1-pt_4919,10.899999999999977
P_1-1-pt_1226,P_1-1-pt_1304,10.799999999999978
P_1-1-pt_1226,P_1-1-pt_1108,32.20000000000019
P_1-1-pt_1226,P_1-1-pt_7863,10.799999999999978
P_1-1-pt_1226,P_1-1-pt_8545,10.699999999999978
P_1-1-pt_1226,P_1-1-pt_5193,10.399999999999979
P_1-1-pt_1226,P_1-1-pt_7325,10.799999999999978
P_1-1-pt_1226,P_1-1-pt_8137,10.799999999999978
P_1-1-pt_1226,P_1-1-pt_6389,15.299999999999962
P_1-1-veh_530,P_1-1-pt_8289,8.399999999999986
P_1-1-veh_530,P_1-2_5753,10.899999999999977
P_1-2_568,P_1-2_5640,14.699999999999964
P_1-2_568,P_1-1-pt_5241,1564.2999999996728
P_1-2_568,P_1-2_3693,10.999999999999977
P_1-2_2345,P_1-1-pt_7732,3.800000000000002
P_1-2_2345,P_1-1-pt_5115,3.4000000000000017
P_1-2_2345,P_1-1-pt_1037,8.199999999999987
P_1-2_2345,P_1-1-pt_5324,8.099999999999987
P_1-2_2345,P_2-1_2045,13.599999999999968
P_1-2_149,P_1-1-pt_5942,32.9000000000002
P_1-1-pt_5942,P_1-2_149,32.9000000000002
P_1-1-pt_5942,P_1-1-pt_3275,10.499999999999979
P_1-1-pt_3931,P_1-1-pt_7277,8.599999999999985
P_1-1-pt_3931,P_1-1-pt_2770,8.799999999999985
P_1-1-pt_3931,P_1-1-pt_6355,10.09999999999998
P_1-1-pt_3931,P_1-2_4454,5.399999999999997
P_1-1-pt_3931,P_1-2_3590,5.1999999999999975
P_1-1-pt_3931,P_1-1-pt_8982,9.99999999999998
P_1-1-pt_3931,P_1-1-pt_2863,10.09999999999998
P_1-1-pt_3931,P_1-1-pt_8969,8.499999999999986
P_1-1-pt_3931,P_1-1-pt_2431,17.899999999999984
P_1-1-pt_8830,P_1-1-pt_2529,30.700000000000166
P_1-1-pt_8830,P_1-1-pt_6931,10.19999999999998
P_1-2_4019,P_1-1-pt_5115,3.600000000000002
